-- phpMyAdmin SQL Dump
-- version 4.2.11
-- http://www.phpmyadmin.net
--
-- Host: localhost
-- Generation Time: Apr 17, 2015 at 10:36 PM
-- Server version: 5.5.41-0ubuntu0.14.10.1
-- PHP Version: 5.5.12-2ubuntu4.3

SET SQL_MODE = "NO_AUTO_VALUE_ON_ZERO";
SET time_zone = "+00:00";


/*!40101 SET @OLD_CHARACTER_SET_CLIENT=@@CHARACTER_SET_CLIENT */;
/*!40101 SET @OLD_CHARACTER_SET_RESULTS=@@CHARACTER_SET_RESULTS */;
/*!40101 SET @OLD_COLLATION_CONNECTION=@@COLLATION_CONNECTION */;
/*!40101 SET NAMES utf8 */;

--
-- Database: `minicup-2015`
--

-- --------------------------------------------------------

--
-- Table structure for table `category`
--

CREATE TABLE IF NOT EXISTS `category` (
`id` int(11) NOT NULL,
  `year_id` int(11) DEFAULT NULL,
  `name` char(30) COLLATE utf8_czech_ci NOT NULL,
  `slug` char(30) COLLATE utf8_czech_ci NOT NULL,
  `default` int(11) NOT NULL DEFAULT '0'
) ENGINE=InnoDB AUTO_INCREMENT=5 DEFAULT CHARSET=utf8 COLLATE=utf8_czech_ci;

--
-- Dumping data for table `category`
--

INSERT INTO `category` (`id`, `year_id`, `name`, `slug`, `default`) VALUES
(1, 1, 'mladší', 'mladsi', 1),
(2, 1, 'starší', 'starsi', 0),
(3, 2, 'mladší', 'mladsi', 1),
(4, 2, 'starší', 'starsi', 0);

-- --------------------------------------------------------

--
-- Table structure for table `day`
--

CREATE TABLE IF NOT EXISTS `day` (
`id` int(11) NOT NULL,
  `day` date NOT NULL,
  `year_id` int(11) NOT NULL
) ENGINE=InnoDB AUTO_INCREMENT=83 DEFAULT CHARSET=utf8 COLLATE=utf8_czech_ci;

--
-- Dumping data for table `day`
--

INSERT INTO `day` (`id`, `day`, `year_id`) VALUES
(77, '2015-05-23', 1),
(78, '2015-05-24', 1),
(79, '2015-05-25', 1),
(80, '2015-05-23', 2),
(81, '2015-05-24', 2),
(82, '2015-05-25', 2);

-- --------------------------------------------------------

--
-- Table structure for table `match`
--

CREATE TABLE IF NOT EXISTS `match` (
`id` int(11) NOT NULL,
  `match_term_id` int(11) DEFAULT NULL,
  `category_id` int(11) NOT NULL,
  `home_team_info_id` int(11) NOT NULL,
  `away_team_info_id` int(11) NOT NULL,
  `score_home` int(11) DEFAULT NULL,
  `score_away` int(11) DEFAULT NULL,
  `confirmed` int(11) NOT NULL DEFAULT '0'
) ENGINE=InnoDB AUTO_INCREMENT=2843 DEFAULT CHARSET=utf8 COLLATE=utf8_czech_ci;

--
-- Dumping data for table `match`
--

INSERT INTO `match` (`id`, `match_term_id`, `category_id`, `home_team_info_id`, `away_team_info_id`, `score_home`, `score_away`, `confirmed`) VALUES
(2183, 1632, 1, 78, 79, NULL, NULL, 0),
(2184, 1633, 1, 80, 90, NULL, NULL, 0),
(2185, 1634, 1, 82, 83, NULL, NULL, 0),
(2186, 1635, 1, 84, 85, NULL, NULL, 0),
(2187, 1636, 1, 86, 87, NULL, NULL, 0),
(2188, 1637, 1, 88, 83, NULL, NULL, 0),
(2189, 1638, 1, 80, 78, NULL, NULL, 0),
(2190, 1639, 1, 89, 79, NULL, NULL, 0),
(2191, 1640, 1, 87, 82, NULL, NULL, 0),
(2192, 1641, 1, 90, 84, NULL, NULL, 0),
(2193, 1642, 1, 85, 88, NULL, NULL, 0),
(2194, 1643, 1, 83, 86, NULL, NULL, 0),
(2195, 1644, 1, 78, 89, NULL, NULL, 0),
(2196, 1645, 1, 84, 80, NULL, NULL, 0),
(2197, 1646, 1, 79, 87, NULL, NULL, 0),
(2198, 1647, 1, 88, 90, NULL, NULL, 0),
(2199, 1648, 1, 86, 85, NULL, NULL, 0),
(2200, 1649, 1, 82, 89, NULL, NULL, 0),
(2201, 1650, 1, 84, 78, NULL, NULL, 0),
(2202, 1651, 1, 87, 89, NULL, NULL, 0),
(2203, 1652, 1, 80, 88, NULL, NULL, 0),
(2204, 1653, 1, 83, 79, NULL, NULL, 0),
(2205, 1654, 1, 90, 86, NULL, NULL, 0),
(2206, 1655, 1, 85, 82, NULL, NULL, 0),
(2207, 1656, 1, 88, 84, NULL, NULL, 0),
(2208, 1657, 1, 78, 87, NULL, NULL, 0),
(2209, 1658, 1, 89, 83, NULL, NULL, 0),
(2210, 1659, 1, 79, 85, NULL, NULL, 0),
(2211, 1660, 1, 86, 80, NULL, NULL, 0),
(2212, 1661, 1, 82, 90, NULL, NULL, 0),
(2213, 1662, 1, 88, 78, NULL, NULL, 0),
(2214, 1663, 1, 83, 87, NULL, NULL, 0),
(2215, 1664, 1, 85, 89, NULL, NULL, 0),
(2216, 1665, 1, 80, 82, NULL, NULL, 0),
(2217, 1666, 1, 84, 86, NULL, NULL, 0),
(2218, 1667, 1, 90, 79, NULL, NULL, 0),
(2219, 1668, 1, 78, 83, NULL, NULL, 0),
(2220, 1669, 1, 86, 88, NULL, NULL, 0),
(2221, 1670, 1, 87, 85, NULL, NULL, 0),
(2222, 1671, 1, 82, 84, NULL, NULL, 0),
(2223, 1672, 1, 79, 80, NULL, NULL, 0),
(2224, 1673, 1, 89, 90, NULL, NULL, 0),
(2225, 1674, 1, 86, 78, NULL, NULL, 0),
(2226, 1675, 1, 85, 83, NULL, NULL, 0),
(2227, 1676, 1, 88, 82, NULL, NULL, 0),
(2228, 1677, 1, 90, 87, NULL, NULL, 0),
(2229, 1678, 1, 84, 79, NULL, NULL, 0),
(2230, 1679, 1, 80, 89, NULL, NULL, 0),
(2231, 1680, 1, 82, 86, NULL, NULL, 0),
(2232, 1681, 1, 78, 85, NULL, NULL, 0),
(2233, 1682, 1, 83, 90, NULL, NULL, 0),
(2234, 1683, 1, 79, 88, NULL, NULL, 0),
(2235, 1684, 1, 87, 80, NULL, NULL, 0),
(2236, 1685, 1, 89, 84, NULL, NULL, 0),
(2237, 1686, 1, 82, 78, NULL, NULL, 0),
(2238, 1687, 1, 90, 85, NULL, NULL, 0),
(2239, 1688, 1, 80, 83, NULL, NULL, 0),
(2240, 1689, 1, 86, 79, NULL, NULL, 0),
(2241, 1690, 1, 88, 89, NULL, NULL, 0),
(2242, 1691, 1, 79, 82, NULL, NULL, 0),
(2243, 1692, 1, 78, 90, NULL, NULL, 0),
(2244, 1693, 1, 84, 87, NULL, NULL, 0),
(2245, 1694, 1, 85, 80, NULL, NULL, 0),
(2246, 1695, 1, 89, 86, NULL, NULL, 0),
(2247, 1696, 1, 83, 84, NULL, NULL, 0),
(2248, 1697, 1, 87, 88, NULL, NULL, 0),
(2777, 2226, 3, 91, 92, 14, 6, 1),
(2778, 2227, 3, 93, 94, 3, 8, 1),
(2779, 2228, 3, 95, 96, 6, 7, 1),
(2780, 2229, 3, 97, 98, 12, 16, 1),
(2781, 2230, 3, 99, 100, 6, 6, 1),
(2782, 2231, 3, 101, 96, 2, 4, 1),
(2783, 2232, 3, 93, 91, 6, 22, 1),
(2784, 2233, 3, 102, 92, 12, 13, 1),
(2785, 2234, 3, 100, 95, 17, 8, 1),
(2786, 2235, 3, 94, 97, 23, 5, 1),
(2787, 2236, 3, 98, 101, 15, 22, 1),
(2788, 2237, 3, 96, 99, 0, 8, 1),
(2789, 2238, 3, 91, 102, 16, 10, 1),
(2790, 2239, 3, 97, 93, 10, 10, 1),
(2791, 2240, 3, 92, 100, 9, 12, 1),
(2792, 2241, 3, 101, 94, 4, 11, 1),
(2793, 2242, 3, 99, 98, 16, 10, 1),
(2794, 2243, 3, 95, 102, 7, 14, 1),
(2795, 2244, 3, 97, 91, 6, 23, 1),
(2796, 2245, 3, 100, 102, 15, 15, 1),
(2797, 2246, 3, 93, 101, 13, 18, 1),
(2798, 2247, 3, 96, 92, 6, 17, 1),
(2799, 2248, 3, 94, 99, 5, 4, 1),
(2800, 2249, 3, 98, 95, 12, 11, 1),
(2801, 2250, 3, 101, 97, 13, 8, 1),
(2802, 2251, 3, 91, 100, 17, 13, 1),
(2803, 2252, 3, 102, 96, 10, 7, 1),
(2804, 2253, 3, 92, 98, 23, 12, 1),
(2805, 2254, 3, 99, 93, 13, 3, 1),
(2806, 2255, 3, 95, 94, 5, 10, 1),
(2807, 2256, 3, 101, 91, 11, 18, 1),
(2808, 2257, 3, 96, 100, 3, 9, 1),
(2809, 2258, 3, 98, 102, 8, 19, 1),
(2810, 2259, 3, 93, 95, 8, 10, 1),
(2811, 2260, 3, 97, 99, 1, 16, 1),
(2812, 2261, 3, 94, 92, 10, 15, 1),
(2813, 2262, 3, 91, 96, 15, 9, 1),
(2814, 2263, 3, 99, 101, 12, 9, 1),
(2815, 2264, 3, 100, 98, 12, 11, 1),
(2816, 2265, 3, 95, 97, 14, 10, 1),
(2817, 2266, 3, 92, 93, 14, 14, 1),
(2818, 2267, 3, 102, 94, 12, 7, 1),
(2819, 2268, 3, 99, 91, 11, 10, 1),
(2820, 2269, 3, 98, 96, 8, 14, 1),
(2821, 2270, 3, 101, 95, 10, 6, 1),
(2822, 2271, 3, 94, 100, 11, 12, 1),
(2823, 2272, 3, 97, 92, 5, 22, 1),
(2824, 2273, 3, 93, 102, 3, 14, 1),
(2825, 2274, 3, 95, 99, 3, 13, 1),
(2826, 2275, 3, 91, 98, 19, 8, 1),
(2827, 2276, 3, 96, 94, 2, 9, 1),
(2828, 2277, 3, 92, 101, 17, 13, 1),
(2829, 2278, 3, 100, 93, 18, 8, 1),
(2830, 2279, 3, 102, 97, 20, 3, 1),
(2831, 2280, 3, 95, 91, 5, 11, 1),
(2832, 2281, 3, 94, 98, 16, 7, 1),
(2833, 2282, 3, 93, 96, 10, 19, 1),
(2834, 2283, 3, 99, 92, 6, 9, 1),
(2835, 2284, 3, 101, 102, 14, 15, 1),
(2836, 2285, 3, 92, 95, 15, 6, 1),
(2837, 2286, 3, 91, 94, 11, 5, 1),
(2838, 2287, 3, 97, 100, 6, 17, 1),
(2839, 2288, 3, 98, 93, 13, 15, 1),
(2840, 2289, 3, 102, 99, 4, 8, 1),
(2841, 2290, 3, 96, 97, 11, 8, 1),
(2842, 2291, 3, 100, 101, 10, 10, 1);

-- --------------------------------------------------------

--
-- Table structure for table `match_term`
--

CREATE TABLE IF NOT EXISTS `match_term` (
`id` int(11) NOT NULL,
  `start` time NOT NULL,
  `end` time NOT NULL,
  `day_id` int(11) NOT NULL,
  `location` varchar(50) COLLATE utf8_czech_ci NOT NULL
) ENGINE=InnoDB AUTO_INCREMENT=2292 DEFAULT CHARSET=utf8 COLLATE=utf8_czech_ci;

--
-- Dumping data for table `match_term`
--

INSERT INTO `match_term` (`id`, `start`, `end`, `day_id`, `location`) VALUES
(1632, '13:00:00', '13:30:00', 77, ''),
(1633, '13:00:00', '13:30:00', 77, ''),
(1634, '13:30:00', '14:00:00', 77, ''),
(1635, '13:30:00', '14:00:00', 77, ''),
(1636, '14:00:00', '14:30:00', 77, ''),
(1637, '14:00:00', '14:30:00', 77, ''),
(1638, '14:30:00', '15:00:00', 77, ''),
(1639, '14:30:00', '15:00:00', 77, ''),
(1640, '15:00:00', '15:30:00', 77, ''),
(1641, '15:00:00', '15:30:00', 77, ''),
(1642, '15:30:00', '16:00:00', 77, ''),
(1643, '15:30:00', '16:00:00', 77, ''),
(1644, '16:00:00', '16:30:00', 77, ''),
(1645, '16:00:00', '16:30:00', 77, ''),
(1646, '16:30:00', '17:00:00', 77, ''),
(1647, '16:30:00', '17:00:00', 77, ''),
(1648, '17:00:00', '17:30:00', 77, ''),
(1649, '17:00:00', '17:30:00', 77, ''),
(1650, '09:00:00', '09:30:00', 78, ''),
(1651, '09:00:00', '09:30:00', 78, ''),
(1652, '09:30:00', '10:00:00', 78, ''),
(1653, '09:30:00', '10:00:00', 78, ''),
(1654, '10:00:00', '10:30:00', 78, ''),
(1655, '10:00:00', '10:30:00', 78, ''),
(1656, '10:30:00', '11:00:00', 78, ''),
(1657, '10:30:00', '11:00:00', 78, ''),
(1658, '11:00:00', '11:30:00', 78, ''),
(1659, '11:00:00', '11:30:00', 78, ''),
(1660, '11:30:00', '12:00:00', 78, ''),
(1661, '11:30:00', '12:00:00', 78, ''),
(1662, '12:00:00', '12:30:00', 78, ''),
(1663, '12:00:00', '12:30:00', 78, ''),
(1664, '12:30:00', '13:00:00', 78, ''),
(1665, '12:30:00', '13:00:00', 78, ''),
(1666, '13:00:00', '13:30:00', 78, ''),
(1667, '13:00:00', '13:30:00', 78, ''),
(1668, '13:30:00', '14:00:00', 78, ''),
(1669, '13:30:00', '14:00:00', 78, ''),
(1670, '14:00:00', '14:30:00', 78, ''),
(1671, '14:00:00', '14:30:00', 78, ''),
(1672, '14:30:00', '15:00:00', 78, ''),
(1673, '14:30:00', '15:00:00', 78, ''),
(1674, '15:00:00', '15:30:00', 78, ''),
(1675, '15:00:00', '15:30:00', 78, ''),
(1676, '09:00:00', '09:30:00', 79, ''),
(1677, '09:00:00', '09:30:00', 79, ''),
(1678, '09:30:00', '10:00:00', 79, ''),
(1679, '09:30:00', '10:00:00', 79, ''),
(1680, '10:00:00', '10:30:00', 79, ''),
(1681, '10:00:00', '10:30:00', 79, ''),
(1682, '10:30:00', '11:00:00', 79, ''),
(1683, '10:30:00', '11:00:00', 79, ''),
(1684, '11:00:00', '11:30:00', 79, ''),
(1685, '11:00:00', '11:30:00', 79, ''),
(1686, '11:30:00', '12:00:00', 79, ''),
(1687, '11:30:00', '12:00:00', 79, ''),
(1688, '12:00:00', '12:30:00', 79, ''),
(1689, '12:00:00', '12:30:00', 79, ''),
(1690, '12:30:00', '13:00:00', 79, ''),
(1691, '12:30:00', '13:00:00', 79, ''),
(1692, '13:00:00', '13:30:00', 79, ''),
(1693, '13:00:00', '13:30:00', 79, ''),
(1694, '13:30:00', '14:00:00', 79, ''),
(1695, '13:30:00', '14:00:00', 79, ''),
(1696, '14:00:00', '14:30:00', 79, ''),
(1697, '14:00:00', '14:30:00', 79, ''),
(1698, '13:00:00', '13:30:00', 77, ''),
(1699, '13:00:00', '13:30:00', 77, ''),
(1700, '13:30:00', '14:00:00', 77, ''),
(1701, '13:30:00', '14:00:00', 77, ''),
(1702, '14:00:00', '14:30:00', 77, ''),
(1703, '14:00:00', '14:30:00', 77, ''),
(1704, '14:30:00', '15:00:00', 77, ''),
(1705, '14:30:00', '15:00:00', 77, ''),
(1706, '15:00:00', '15:30:00', 77, ''),
(1707, '15:00:00', '15:30:00', 77, ''),
(1708, '15:30:00', '16:00:00', 77, ''),
(1709, '15:30:00', '16:00:00', 77, ''),
(1710, '16:00:00', '16:30:00', 77, ''),
(1711, '16:00:00', '16:30:00', 77, ''),
(1712, '16:30:00', '17:00:00', 77, ''),
(1713, '16:30:00', '17:00:00', 77, ''),
(1714, '17:00:00', '17:30:00', 77, ''),
(1715, '17:00:00', '17:30:00', 77, ''),
(1716, '09:00:00', '09:30:00', 78, ''),
(1717, '09:00:00', '09:30:00', 78, ''),
(1718, '09:30:00', '10:00:00', 78, ''),
(1719, '09:30:00', '10:00:00', 78, ''),
(1720, '10:00:00', '10:30:00', 78, ''),
(1721, '10:00:00', '10:30:00', 78, ''),
(1722, '10:30:00', '11:00:00', 78, ''),
(1723, '10:30:00', '11:00:00', 78, ''),
(1724, '11:00:00', '11:30:00', 78, ''),
(1725, '11:00:00', '11:30:00', 78, ''),
(1726, '11:30:00', '12:00:00', 78, ''),
(1727, '11:30:00', '12:00:00', 78, ''),
(1728, '12:00:00', '12:30:00', 78, ''),
(1729, '12:00:00', '12:30:00', 78, ''),
(1730, '12:30:00', '13:00:00', 78, ''),
(1731, '12:30:00', '13:00:00', 78, ''),
(1732, '13:00:00', '13:30:00', 78, ''),
(1733, '13:00:00', '13:30:00', 78, ''),
(1734, '13:30:00', '14:00:00', 78, ''),
(1735, '13:30:00', '14:00:00', 78, ''),
(1736, '14:00:00', '14:30:00', 78, ''),
(1737, '14:00:00', '14:30:00', 78, ''),
(1738, '14:30:00', '15:00:00', 78, ''),
(1739, '14:30:00', '15:00:00', 78, ''),
(1740, '15:00:00', '15:30:00', 78, ''),
(1741, '15:00:00', '15:30:00', 78, ''),
(1742, '09:00:00', '09:30:00', 79, ''),
(1743, '09:00:00', '09:30:00', 79, ''),
(1744, '09:30:00', '10:00:00', 79, ''),
(1745, '09:30:00', '10:00:00', 79, ''),
(1746, '10:00:00', '10:30:00', 79, ''),
(1747, '10:00:00', '10:30:00', 79, ''),
(1748, '10:30:00', '11:00:00', 79, ''),
(1749, '10:30:00', '11:00:00', 79, ''),
(1750, '11:00:00', '11:30:00', 79, ''),
(1751, '11:00:00', '11:30:00', 79, ''),
(1752, '11:30:00', '12:00:00', 79, ''),
(1753, '11:30:00', '12:00:00', 79, ''),
(1754, '12:00:00', '12:30:00', 79, ''),
(1755, '12:00:00', '12:30:00', 79, ''),
(1756, '12:30:00', '13:00:00', 79, ''),
(1757, '12:30:00', '13:00:00', 79, ''),
(1758, '13:00:00', '13:30:00', 79, ''),
(1759, '13:00:00', '13:30:00', 79, ''),
(1760, '13:30:00', '14:00:00', 79, ''),
(1761, '13:30:00', '14:00:00', 79, ''),
(1762, '14:00:00', '14:30:00', 79, ''),
(1763, '14:00:00', '14:30:00', 79, ''),
(1764, '13:00:00', '13:30:00', 77, ''),
(1765, '13:00:00', '13:30:00', 77, ''),
(1766, '13:30:00', '14:00:00', 77, ''),
(1767, '13:30:00', '14:00:00', 77, ''),
(1768, '14:00:00', '14:30:00', 77, ''),
(1769, '14:00:00', '14:30:00', 77, ''),
(1770, '14:30:00', '15:00:00', 77, ''),
(1771, '14:30:00', '15:00:00', 77, ''),
(1772, '15:00:00', '15:30:00', 77, ''),
(1773, '15:00:00', '15:30:00', 77, ''),
(1774, '15:30:00', '16:00:00', 77, ''),
(1775, '15:30:00', '16:00:00', 77, ''),
(1776, '16:00:00', '16:30:00', 77, ''),
(1777, '16:00:00', '16:30:00', 77, ''),
(1778, '16:30:00', '17:00:00', 77, ''),
(1779, '16:30:00', '17:00:00', 77, ''),
(1780, '17:00:00', '17:30:00', 77, ''),
(1781, '17:00:00', '17:30:00', 77, ''),
(1782, '09:00:00', '09:30:00', 78, ''),
(1783, '09:00:00', '09:30:00', 78, ''),
(1784, '09:30:00', '10:00:00', 78, ''),
(1785, '09:30:00', '10:00:00', 78, ''),
(1786, '10:00:00', '10:30:00', 78, ''),
(1787, '10:00:00', '10:30:00', 78, ''),
(1788, '10:30:00', '11:00:00', 78, ''),
(1789, '10:30:00', '11:00:00', 78, ''),
(1790, '11:00:00', '11:30:00', 78, ''),
(1791, '11:00:00', '11:30:00', 78, ''),
(1792, '11:30:00', '12:00:00', 78, ''),
(1793, '11:30:00', '12:00:00', 78, ''),
(1794, '12:00:00', '12:30:00', 78, ''),
(1795, '12:00:00', '12:30:00', 78, ''),
(1796, '12:30:00', '13:00:00', 78, ''),
(1797, '12:30:00', '13:00:00', 78, ''),
(1798, '13:00:00', '13:30:00', 78, ''),
(1799, '13:00:00', '13:30:00', 78, ''),
(1800, '13:30:00', '14:00:00', 78, ''),
(1801, '13:30:00', '14:00:00', 78, ''),
(1802, '14:00:00', '14:30:00', 78, ''),
(1803, '14:00:00', '14:30:00', 78, ''),
(1804, '14:30:00', '15:00:00', 78, ''),
(1805, '14:30:00', '15:00:00', 78, ''),
(1806, '15:00:00', '15:30:00', 78, ''),
(1807, '15:00:00', '15:30:00', 78, ''),
(1808, '09:00:00', '09:30:00', 79, ''),
(1809, '09:00:00', '09:30:00', 79, ''),
(1810, '09:30:00', '10:00:00', 79, ''),
(1811, '09:30:00', '10:00:00', 79, ''),
(1812, '10:00:00', '10:30:00', 79, ''),
(1813, '10:00:00', '10:30:00', 79, ''),
(1814, '10:30:00', '11:00:00', 79, ''),
(1815, '10:30:00', '11:00:00', 79, ''),
(1816, '11:00:00', '11:30:00', 79, ''),
(1817, '11:00:00', '11:30:00', 79, ''),
(1818, '11:30:00', '12:00:00', 79, ''),
(1819, '11:30:00', '12:00:00', 79, ''),
(1820, '12:00:00', '12:30:00', 79, ''),
(1821, '12:00:00', '12:30:00', 79, ''),
(1822, '12:30:00', '13:00:00', 79, ''),
(1823, '12:30:00', '13:00:00', 79, ''),
(1824, '13:00:00', '13:30:00', 79, ''),
(1825, '13:00:00', '13:30:00', 79, ''),
(1826, '13:30:00', '14:00:00', 79, ''),
(1827, '13:30:00', '14:00:00', 79, ''),
(1828, '14:00:00', '14:30:00', 79, ''),
(1829, '14:00:00', '14:30:00', 79, ''),
(1830, '13:00:00', '13:30:00', 77, ''),
(1831, '13:00:00', '13:30:00', 77, ''),
(1832, '13:30:00', '14:00:00', 77, ''),
(1833, '13:30:00', '14:00:00', 77, ''),
(1834, '14:00:00', '14:30:00', 77, ''),
(1835, '14:00:00', '14:30:00', 77, ''),
(1836, '14:30:00', '15:00:00', 77, ''),
(1837, '14:30:00', '15:00:00', 77, ''),
(1838, '15:00:00', '15:30:00', 77, ''),
(1839, '15:00:00', '15:30:00', 77, ''),
(1840, '15:30:00', '16:00:00', 77, ''),
(1841, '15:30:00', '16:00:00', 77, ''),
(1842, '16:00:00', '16:30:00', 77, ''),
(1843, '16:00:00', '16:30:00', 77, ''),
(1844, '16:30:00', '17:00:00', 77, ''),
(1845, '16:30:00', '17:00:00', 77, ''),
(1846, '17:00:00', '17:30:00', 77, ''),
(1847, '17:00:00', '17:30:00', 77, ''),
(1848, '09:00:00', '09:30:00', 78, ''),
(1849, '09:00:00', '09:30:00', 78, ''),
(1850, '09:30:00', '10:00:00', 78, ''),
(1851, '09:30:00', '10:00:00', 78, ''),
(1852, '10:00:00', '10:30:00', 78, ''),
(1853, '10:00:00', '10:30:00', 78, ''),
(1854, '10:30:00', '11:00:00', 78, ''),
(1855, '10:30:00', '11:00:00', 78, ''),
(1856, '11:00:00', '11:30:00', 78, ''),
(1857, '11:00:00', '11:30:00', 78, ''),
(1858, '11:30:00', '12:00:00', 78, ''),
(1859, '11:30:00', '12:00:00', 78, ''),
(1860, '12:00:00', '12:30:00', 78, ''),
(1861, '12:00:00', '12:30:00', 78, ''),
(1862, '12:30:00', '13:00:00', 78, ''),
(1863, '12:30:00', '13:00:00', 78, ''),
(1864, '13:00:00', '13:30:00', 78, ''),
(1865, '13:00:00', '13:30:00', 78, ''),
(1866, '13:30:00', '14:00:00', 78, ''),
(1867, '13:30:00', '14:00:00', 78, ''),
(1868, '14:00:00', '14:30:00', 78, ''),
(1869, '14:00:00', '14:30:00', 78, ''),
(1870, '14:30:00', '15:00:00', 78, ''),
(1871, '14:30:00', '15:00:00', 78, ''),
(1872, '15:00:00', '15:30:00', 78, ''),
(1873, '15:00:00', '15:30:00', 78, ''),
(1874, '09:00:00', '09:30:00', 79, ''),
(1875, '09:00:00', '09:30:00', 79, ''),
(1876, '09:30:00', '10:00:00', 79, ''),
(1877, '09:30:00', '10:00:00', 79, ''),
(1878, '10:00:00', '10:30:00', 79, ''),
(1879, '10:00:00', '10:30:00', 79, ''),
(1880, '10:30:00', '11:00:00', 79, ''),
(1881, '10:30:00', '11:00:00', 79, ''),
(1882, '11:00:00', '11:30:00', 79, ''),
(1883, '11:00:00', '11:30:00', 79, ''),
(1884, '11:30:00', '12:00:00', 79, ''),
(1885, '11:30:00', '12:00:00', 79, ''),
(1886, '12:00:00', '12:30:00', 79, ''),
(1887, '12:00:00', '12:30:00', 79, ''),
(1888, '12:30:00', '13:00:00', 79, ''),
(1889, '12:30:00', '13:00:00', 79, ''),
(1890, '13:00:00', '13:30:00', 79, ''),
(1891, '13:00:00', '13:30:00', 79, ''),
(1892, '13:30:00', '14:00:00', 79, ''),
(1893, '13:30:00', '14:00:00', 79, ''),
(1894, '14:00:00', '14:30:00', 79, ''),
(1895, '14:00:00', '14:30:00', 79, ''),
(1896, '13:00:00', '13:30:00', 77, ''),
(1897, '13:00:00', '13:30:00', 77, ''),
(1898, '13:30:00', '14:00:00', 77, ''),
(1899, '13:30:00', '14:00:00', 77, ''),
(1900, '14:00:00', '14:30:00', 77, ''),
(1901, '14:00:00', '14:30:00', 77, ''),
(1902, '14:30:00', '15:00:00', 77, ''),
(1903, '14:30:00', '15:00:00', 77, ''),
(1904, '15:00:00', '15:30:00', 77, ''),
(1905, '15:00:00', '15:30:00', 77, ''),
(1906, '15:30:00', '16:00:00', 77, ''),
(1907, '15:30:00', '16:00:00', 77, ''),
(1908, '16:00:00', '16:30:00', 77, ''),
(1909, '16:00:00', '16:30:00', 77, ''),
(1910, '16:30:00', '17:00:00', 77, ''),
(1911, '16:30:00', '17:00:00', 77, ''),
(1912, '17:00:00', '17:30:00', 77, ''),
(1913, '17:00:00', '17:30:00', 77, ''),
(1914, '09:00:00', '09:30:00', 78, ''),
(1915, '09:00:00', '09:30:00', 78, ''),
(1916, '09:30:00', '10:00:00', 78, ''),
(1917, '09:30:00', '10:00:00', 78, ''),
(1918, '10:00:00', '10:30:00', 78, ''),
(1919, '10:00:00', '10:30:00', 78, ''),
(1920, '10:30:00', '11:00:00', 78, ''),
(1921, '10:30:00', '11:00:00', 78, ''),
(1922, '11:00:00', '11:30:00', 78, ''),
(1923, '11:00:00', '11:30:00', 78, ''),
(1924, '11:30:00', '12:00:00', 78, ''),
(1925, '11:30:00', '12:00:00', 78, ''),
(1926, '12:00:00', '12:30:00', 78, ''),
(1927, '12:00:00', '12:30:00', 78, ''),
(1928, '12:30:00', '13:00:00', 78, ''),
(1929, '12:30:00', '13:00:00', 78, ''),
(1930, '13:00:00', '13:30:00', 78, ''),
(1931, '13:00:00', '13:30:00', 78, ''),
(1932, '13:30:00', '14:00:00', 78, ''),
(1933, '13:30:00', '14:00:00', 78, ''),
(1934, '14:00:00', '14:30:00', 78, ''),
(1935, '14:00:00', '14:30:00', 78, ''),
(1936, '14:30:00', '15:00:00', 78, ''),
(1937, '14:30:00', '15:00:00', 78, ''),
(1938, '15:00:00', '15:30:00', 78, ''),
(1939, '15:00:00', '15:30:00', 78, ''),
(1940, '09:00:00', '09:30:00', 79, ''),
(1941, '09:00:00', '09:30:00', 79, ''),
(1942, '09:30:00', '10:00:00', 79, ''),
(1943, '09:30:00', '10:00:00', 79, ''),
(1944, '10:00:00', '10:30:00', 79, ''),
(1945, '10:00:00', '10:30:00', 79, ''),
(1946, '10:30:00', '11:00:00', 79, ''),
(1947, '10:30:00', '11:00:00', 79, ''),
(1948, '11:00:00', '11:30:00', 79, ''),
(1949, '11:00:00', '11:30:00', 79, ''),
(1950, '11:30:00', '12:00:00', 79, ''),
(1951, '11:30:00', '12:00:00', 79, ''),
(1952, '12:00:00', '12:30:00', 79, ''),
(1953, '12:00:00', '12:30:00', 79, ''),
(1954, '12:30:00', '13:00:00', 79, ''),
(1955, '12:30:00', '13:00:00', 79, ''),
(1956, '13:00:00', '13:30:00', 77, ''),
(1957, '13:00:00', '13:30:00', 77, ''),
(1958, '13:30:00', '14:00:00', 77, ''),
(1959, '13:30:00', '14:00:00', 77, ''),
(1960, '14:00:00', '14:30:00', 77, ''),
(1961, '14:00:00', '14:30:00', 77, ''),
(1962, '14:30:00', '15:00:00', 77, ''),
(1963, '14:30:00', '15:00:00', 77, ''),
(1964, '15:00:00', '15:30:00', 77, ''),
(1965, '15:00:00', '15:30:00', 77, ''),
(1966, '15:30:00', '16:00:00', 77, ''),
(1967, '15:30:00', '16:00:00', 77, ''),
(1968, '16:00:00', '16:30:00', 77, ''),
(1969, '16:00:00', '16:30:00', 77, ''),
(1970, '16:30:00', '17:00:00', 77, ''),
(1971, '16:30:00', '17:00:00', 77, ''),
(1972, '17:00:00', '17:30:00', 77, ''),
(1973, '17:00:00', '17:30:00', 77, ''),
(1974, '09:00:00', '09:30:00', 78, ''),
(1975, '09:00:00', '09:30:00', 78, ''),
(1976, '09:30:00', '10:00:00', 78, ''),
(1977, '09:30:00', '10:00:00', 78, ''),
(1978, '10:00:00', '10:30:00', 78, ''),
(1979, '10:00:00', '10:30:00', 78, ''),
(1980, '10:30:00', '11:00:00', 78, ''),
(1981, '10:30:00', '11:00:00', 78, ''),
(1982, '11:00:00', '11:30:00', 78, ''),
(1983, '11:00:00', '11:30:00', 78, ''),
(1984, '11:30:00', '12:00:00', 78, ''),
(1985, '11:30:00', '12:00:00', 78, ''),
(1986, '12:00:00', '12:30:00', 78, ''),
(1987, '12:00:00', '12:30:00', 78, ''),
(1988, '12:30:00', '13:00:00', 78, ''),
(1989, '12:30:00', '13:00:00', 78, ''),
(1990, '13:00:00', '13:30:00', 78, ''),
(1991, '13:00:00', '13:30:00', 78, ''),
(1992, '13:30:00', '14:00:00', 78, ''),
(1993, '13:30:00', '14:00:00', 78, ''),
(1994, '14:00:00', '14:30:00', 78, ''),
(1995, '14:00:00', '14:30:00', 78, ''),
(1996, '14:30:00', '15:00:00', 78, ''),
(1997, '14:30:00', '15:00:00', 78, ''),
(1998, '15:00:00', '15:30:00', 78, ''),
(1999, '15:00:00', '15:30:00', 78, ''),
(2000, '09:00:00', '09:30:00', 79, ''),
(2001, '09:00:00', '09:30:00', 79, ''),
(2002, '09:30:00', '10:00:00', 79, ''),
(2003, '09:30:00', '10:00:00', 79, ''),
(2004, '10:00:00', '10:30:00', 79, ''),
(2005, '10:00:00', '10:30:00', 79, ''),
(2006, '10:30:00', '11:00:00', 79, ''),
(2007, '10:30:00', '11:00:00', 79, ''),
(2008, '11:00:00', '11:30:00', 79, ''),
(2009, '11:00:00', '11:30:00', 79, ''),
(2010, '11:30:00', '12:00:00', 79, ''),
(2011, '11:30:00', '12:00:00', 79, ''),
(2012, '12:00:00', '12:30:00', 79, ''),
(2013, '12:00:00', '12:30:00', 79, ''),
(2014, '12:30:00', '13:00:00', 79, ''),
(2015, '12:30:00', '13:00:00', 79, ''),
(2016, '13:00:00', '13:30:00', 79, ''),
(2017, '13:00:00', '13:30:00', 79, ''),
(2018, '13:30:00', '14:00:00', 79, ''),
(2019, '13:30:00', '14:00:00', 79, ''),
(2020, '14:00:00', '14:30:00', 79, ''),
(2021, '14:00:00', '14:30:00', 79, ''),
(2022, '13:00:00', '13:30:00', 77, ''),
(2023, '13:00:00', '13:30:00', 77, ''),
(2024, '13:30:00', '14:00:00', 77, ''),
(2025, '13:30:00', '14:00:00', 77, ''),
(2026, '14:00:00', '14:30:00', 77, ''),
(2027, '14:00:00', '14:30:00', 77, ''),
(2028, '14:30:00', '15:00:00', 77, ''),
(2029, '14:30:00', '15:00:00', 77, ''),
(2030, '15:00:00', '15:30:00', 77, ''),
(2031, '15:00:00', '15:30:00', 77, ''),
(2032, '15:30:00', '16:00:00', 77, ''),
(2033, '15:30:00', '16:00:00', 77, ''),
(2034, '16:00:00', '16:30:00', 77, ''),
(2035, '16:00:00', '16:30:00', 77, ''),
(2036, '16:30:00', '17:00:00', 77, ''),
(2037, '16:30:00', '17:00:00', 77, ''),
(2038, '17:00:00', '17:30:00', 77, ''),
(2039, '17:00:00', '17:30:00', 77, ''),
(2040, '09:00:00', '09:30:00', 78, ''),
(2041, '09:00:00', '09:30:00', 78, ''),
(2042, '09:30:00', '10:00:00', 78, ''),
(2043, '09:30:00', '10:00:00', 78, ''),
(2044, '10:00:00', '10:30:00', 78, ''),
(2045, '10:00:00', '10:30:00', 78, ''),
(2046, '10:30:00', '11:00:00', 78, ''),
(2047, '10:30:00', '11:00:00', 78, ''),
(2048, '11:00:00', '11:30:00', 78, ''),
(2049, '11:00:00', '11:30:00', 78, ''),
(2050, '11:30:00', '12:00:00', 78, ''),
(2051, '11:30:00', '12:00:00', 78, ''),
(2052, '12:00:00', '12:30:00', 78, ''),
(2053, '12:00:00', '12:30:00', 78, ''),
(2054, '12:30:00', '13:00:00', 78, ''),
(2055, '12:30:00', '13:00:00', 78, ''),
(2056, '13:00:00', '13:30:00', 78, ''),
(2057, '13:00:00', '13:30:00', 78, ''),
(2058, '13:30:00', '14:00:00', 78, ''),
(2059, '13:30:00', '14:00:00', 78, ''),
(2060, '14:00:00', '14:30:00', 78, ''),
(2061, '14:00:00', '14:30:00', 78, ''),
(2062, '14:30:00', '15:00:00', 78, ''),
(2063, '14:30:00', '15:00:00', 78, ''),
(2064, '15:00:00', '15:30:00', 78, ''),
(2065, '15:00:00', '15:30:00', 78, ''),
(2066, '09:00:00', '09:30:00', 79, ''),
(2067, '09:00:00', '09:30:00', 79, ''),
(2068, '09:30:00', '10:00:00', 79, ''),
(2069, '09:30:00', '10:00:00', 79, ''),
(2070, '10:00:00', '10:30:00', 79, ''),
(2071, '10:00:00', '10:30:00', 79, ''),
(2072, '10:30:00', '11:00:00', 79, ''),
(2073, '10:30:00', '11:00:00', 79, ''),
(2074, '11:00:00', '11:30:00', 79, ''),
(2075, '11:00:00', '11:30:00', 79, ''),
(2076, '11:30:00', '12:00:00', 79, ''),
(2077, '11:30:00', '12:00:00', 79, ''),
(2078, '12:00:00', '12:30:00', 79, ''),
(2079, '12:00:00', '12:30:00', 79, ''),
(2080, '12:30:00', '13:00:00', 79, ''),
(2081, '12:30:00', '13:00:00', 79, ''),
(2082, '13:00:00', '13:30:00', 79, ''),
(2083, '13:00:00', '13:30:00', 79, ''),
(2084, '13:30:00', '14:00:00', 79, ''),
(2085, '13:30:00', '14:00:00', 79, ''),
(2086, '14:00:00', '14:30:00', 79, ''),
(2087, '14:00:00', '14:30:00', 79, ''),
(2088, '13:00:00', '13:30:00', 77, ''),
(2089, '13:00:00', '13:30:00', 77, ''),
(2090, '13:30:00', '14:00:00', 77, ''),
(2091, '13:30:00', '14:00:00', 77, ''),
(2092, '14:00:00', '14:30:00', 77, ''),
(2093, '14:00:00', '14:30:00', 77, ''),
(2094, '14:30:00', '15:00:00', 77, ''),
(2095, '14:30:00', '15:00:00', 77, ''),
(2096, '15:00:00', '15:30:00', 77, ''),
(2097, '15:00:00', '15:30:00', 77, ''),
(2098, '15:30:00', '16:00:00', 77, ''),
(2099, '15:30:00', '16:00:00', 77, ''),
(2100, '16:00:00', '16:30:00', 77, ''),
(2101, '16:00:00', '16:30:00', 77, ''),
(2102, '16:30:00', '17:00:00', 77, ''),
(2103, '16:30:00', '17:00:00', 77, ''),
(2104, '17:00:00', '17:30:00', 77, ''),
(2105, '17:00:00', '17:30:00', 77, ''),
(2106, '09:00:00', '09:30:00', 78, ''),
(2107, '09:00:00', '09:30:00', 78, ''),
(2108, '09:30:00', '10:00:00', 78, ''),
(2109, '09:30:00', '10:00:00', 78, ''),
(2110, '10:00:00', '10:30:00', 78, ''),
(2111, '10:00:00', '10:30:00', 78, ''),
(2112, '10:30:00', '11:00:00', 78, ''),
(2113, '10:30:00', '11:00:00', 78, ''),
(2114, '11:00:00', '11:30:00', 78, ''),
(2115, '11:00:00', '11:30:00', 78, ''),
(2116, '11:30:00', '12:00:00', 78, ''),
(2117, '11:30:00', '12:00:00', 78, ''),
(2118, '12:00:00', '12:30:00', 78, ''),
(2119, '12:00:00', '12:30:00', 78, ''),
(2120, '12:30:00', '13:00:00', 78, ''),
(2121, '12:30:00', '13:00:00', 78, ''),
(2122, '13:00:00', '13:30:00', 78, ''),
(2123, '13:00:00', '13:30:00', 78, ''),
(2124, '13:30:00', '14:00:00', 78, ''),
(2125, '13:30:00', '14:00:00', 78, ''),
(2126, '14:00:00', '14:30:00', 78, ''),
(2127, '14:00:00', '14:30:00', 78, ''),
(2128, '14:30:00', '15:00:00', 78, ''),
(2129, '14:30:00', '15:00:00', 78, ''),
(2130, '15:00:00', '15:30:00', 78, ''),
(2131, '15:00:00', '15:30:00', 78, ''),
(2132, '09:00:00', '09:30:00', 79, ''),
(2133, '09:00:00', '09:30:00', 79, ''),
(2134, '09:30:00', '10:00:00', 79, ''),
(2135, '09:30:00', '10:00:00', 79, ''),
(2136, '10:00:00', '10:30:00', 79, ''),
(2137, '10:00:00', '10:30:00', 79, ''),
(2138, '10:30:00', '11:00:00', 79, ''),
(2139, '10:30:00', '11:00:00', 79, ''),
(2140, '11:00:00', '11:30:00', 79, ''),
(2141, '11:00:00', '11:30:00', 79, ''),
(2142, '11:30:00', '12:00:00', 79, ''),
(2143, '11:30:00', '12:00:00', 79, ''),
(2144, '12:00:00', '12:30:00', 79, ''),
(2145, '12:00:00', '12:30:00', 79, ''),
(2146, '12:30:00', '13:00:00', 79, ''),
(2147, '12:30:00', '13:00:00', 79, ''),
(2148, '13:00:00', '13:30:00', 79, ''),
(2149, '13:00:00', '13:30:00', 79, ''),
(2150, '13:30:00', '14:00:00', 79, ''),
(2151, '13:30:00', '14:00:00', 79, ''),
(2152, '14:00:00', '14:30:00', 79, ''),
(2153, '14:00:00', '14:30:00', 79, ''),
(2154, '13:00:00', '13:30:00', 77, ''),
(2155, '13:00:00', '13:30:00', 77, ''),
(2156, '13:30:00', '14:00:00', 77, ''),
(2157, '13:30:00', '14:00:00', 77, ''),
(2158, '14:00:00', '14:30:00', 77, ''),
(2159, '14:00:00', '14:30:00', 77, ''),
(2160, '14:30:00', '15:00:00', 77, ''),
(2161, '14:30:00', '15:00:00', 77, ''),
(2162, '15:00:00', '15:30:00', 77, ''),
(2163, '15:00:00', '15:30:00', 77, ''),
(2164, '15:30:00', '16:00:00', 77, ''),
(2165, '15:30:00', '16:00:00', 77, ''),
(2166, '16:00:00', '16:30:00', 77, ''),
(2167, '16:00:00', '16:30:00', 77, ''),
(2168, '16:30:00', '17:00:00', 77, ''),
(2169, '16:30:00', '17:00:00', 77, ''),
(2170, '17:00:00', '17:30:00', 77, ''),
(2171, '17:00:00', '17:30:00', 77, ''),
(2172, '09:00:00', '09:30:00', 78, ''),
(2173, '09:00:00', '09:30:00', 78, ''),
(2174, '09:30:00', '10:00:00', 78, ''),
(2175, '09:30:00', '10:00:00', 78, ''),
(2176, '10:00:00', '10:30:00', 78, ''),
(2177, '10:00:00', '10:30:00', 78, ''),
(2178, '10:30:00', '11:00:00', 78, ''),
(2179, '10:30:00', '11:00:00', 78, ''),
(2180, '11:00:00', '11:30:00', 78, ''),
(2181, '11:00:00', '11:30:00', 78, ''),
(2182, '11:30:00', '12:00:00', 78, ''),
(2183, '11:30:00', '12:00:00', 78, ''),
(2184, '12:00:00', '12:30:00', 78, ''),
(2185, '12:00:00', '12:30:00', 78, ''),
(2186, '12:30:00', '13:00:00', 78, ''),
(2187, '12:30:00', '13:00:00', 78, ''),
(2188, '13:00:00', '13:30:00', 78, ''),
(2189, '13:00:00', '13:30:00', 78, ''),
(2190, '13:30:00', '14:00:00', 78, ''),
(2191, '13:30:00', '14:00:00', 78, ''),
(2192, '14:00:00', '14:30:00', 78, ''),
(2193, '14:00:00', '14:30:00', 78, ''),
(2194, '14:30:00', '15:00:00', 78, ''),
(2195, '14:30:00', '15:00:00', 78, ''),
(2196, '15:00:00', '15:30:00', 78, ''),
(2197, '15:00:00', '15:30:00', 78, ''),
(2198, '09:00:00', '09:30:00', 79, ''),
(2199, '09:00:00', '09:30:00', 79, ''),
(2200, '09:30:00', '10:00:00', 79, ''),
(2201, '09:30:00', '10:00:00', 79, ''),
(2202, '10:00:00', '10:30:00', 79, ''),
(2203, '10:00:00', '10:30:00', 79, ''),
(2204, '10:30:00', '11:00:00', 79, ''),
(2205, '10:30:00', '11:00:00', 79, ''),
(2206, '11:00:00', '11:30:00', 79, ''),
(2207, '11:00:00', '11:30:00', 79, ''),
(2208, '11:30:00', '12:00:00', 79, ''),
(2209, '11:30:00', '12:00:00', 79, ''),
(2210, '12:00:00', '12:30:00', 79, ''),
(2211, '12:00:00', '12:30:00', 79, ''),
(2212, '12:30:00', '13:00:00', 79, ''),
(2213, '12:30:00', '13:00:00', 79, ''),
(2214, '13:00:00', '13:30:00', 79, ''),
(2215, '13:00:00', '13:30:00', 79, ''),
(2216, '13:30:00', '14:00:00', 79, ''),
(2217, '13:30:00', '14:00:00', 79, ''),
(2218, '14:00:00', '14:30:00', 79, ''),
(2219, '14:00:00', '14:30:00', 79, ''),
(2220, '13:00:00', '13:30:00', 80, ''),
(2221, '13:00:00', '13:30:00', 80, ''),
(2222, '13:00:00', '13:30:00', 80, ''),
(2223, '13:00:00', '13:30:00', 80, ''),
(2224, '13:00:00', '13:30:00', 80, ''),
(2225, '13:00:00', '13:30:00', 80, ''),
(2226, '13:00:00', '13:30:00', 80, ''),
(2227, '13:00:00', '13:30:00', 80, ''),
(2228, '13:30:00', '14:00:00', 80, ''),
(2229, '13:30:00', '14:00:00', 80, ''),
(2230, '14:00:00', '14:30:00', 80, ''),
(2231, '14:00:00', '14:30:00', 80, ''),
(2232, '14:30:00', '15:00:00', 80, ''),
(2233, '14:30:00', '15:00:00', 80, ''),
(2234, '15:00:00', '15:30:00', 80, ''),
(2235, '15:00:00', '15:30:00', 80, ''),
(2236, '15:30:00', '16:00:00', 80, ''),
(2237, '15:30:00', '16:00:00', 80, ''),
(2238, '16:00:00', '16:30:00', 80, ''),
(2239, '16:00:00', '16:30:00', 80, ''),
(2240, '16:30:00', '17:00:00', 80, ''),
(2241, '16:30:00', '17:00:00', 80, ''),
(2242, '17:00:00', '17:30:00', 80, ''),
(2243, '17:00:00', '17:30:00', 80, ''),
(2244, '09:00:00', '09:30:00', 81, ''),
(2245, '09:00:00', '09:30:00', 81, ''),
(2246, '09:30:00', '10:00:00', 81, ''),
(2247, '09:30:00', '10:00:00', 81, ''),
(2248, '10:00:00', '10:30:00', 81, ''),
(2249, '10:00:00', '10:30:00', 81, ''),
(2250, '10:30:00', '11:00:00', 81, ''),
(2251, '10:30:00', '11:00:00', 81, ''),
(2252, '11:00:00', '11:30:00', 81, ''),
(2253, '11:00:00', '11:30:00', 81, ''),
(2254, '11:30:00', '12:00:00', 81, ''),
(2255, '11:30:00', '12:00:00', 81, ''),
(2256, '12:00:00', '12:30:00', 81, ''),
(2257, '12:00:00', '12:30:00', 81, ''),
(2258, '12:30:00', '13:00:00', 81, ''),
(2259, '12:30:00', '13:00:00', 81, ''),
(2260, '13:00:00', '13:30:00', 81, ''),
(2261, '13:00:00', '13:30:00', 81, ''),
(2262, '13:30:00', '14:00:00', 81, ''),
(2263, '13:30:00', '14:00:00', 81, ''),
(2264, '14:00:00', '14:30:00', 81, ''),
(2265, '14:00:00', '14:30:00', 81, ''),
(2266, '14:30:00', '15:00:00', 81, ''),
(2267, '14:30:00', '15:00:00', 81, ''),
(2268, '15:00:00', '15:30:00', 81, ''),
(2269, '15:00:00', '15:30:00', 81, ''),
(2270, '09:00:00', '09:30:00', 82, ''),
(2271, '09:00:00', '09:30:00', 82, ''),
(2272, '09:30:00', '10:00:00', 82, ''),
(2273, '09:30:00', '10:00:00', 82, ''),
(2274, '10:00:00', '10:30:00', 82, ''),
(2275, '10:00:00', '10:30:00', 82, ''),
(2276, '10:30:00', '11:00:00', 82, ''),
(2277, '10:30:00', '11:00:00', 82, ''),
(2278, '11:00:00', '11:30:00', 82, ''),
(2279, '11:00:00', '11:30:00', 82, ''),
(2280, '11:30:00', '12:00:00', 82, ''),
(2281, '11:30:00', '12:00:00', 82, ''),
(2282, '12:00:00', '12:30:00', 82, ''),
(2283, '12:00:00', '12:30:00', 82, ''),
(2284, '12:30:00', '13:00:00', 82, ''),
(2285, '12:30:00', '13:00:00', 82, ''),
(2286, '13:00:00', '13:30:00', 82, ''),
(2287, '13:00:00', '13:30:00', 82, ''),
(2288, '13:30:00', '14:00:00', 82, ''),
(2289, '13:30:00', '14:00:00', 82, ''),
(2290, '14:00:00', '14:30:00', 82, ''),
(2291, '14:00:00', '14:30:00', 82, '');

-- --------------------------------------------------------

--
-- Table structure for table `news`
--

CREATE TABLE IF NOT EXISTS `news` (
`id` int(11) NOT NULL,
  `title` text COLLATE utf8_czech_ci NOT NULL,
  `content` text COLLATE utf8_czech_ci NOT NULL,
  `updated` timestamp NOT NULL DEFAULT CURRENT_TIMESTAMP,
  `added` datetime NOT NULL,
  `year_id` int(11) DEFAULT NULL
) ENGINE=InnoDB AUTO_INCREMENT=21 DEFAULT CHARSET=utf8 COLLATE=utf8_czech_ci;

--
-- Dumping data for table `news`
--

INSERT INTO `news` (`id`, `title`, `content`, `updated`, `added`, `year_id`) VALUES
(1, 'Aktualizace po sobotě', 'Oficiální sobotní výsledky můžete najít aktualizované v sekci Tabulky. Také byly přidány fotky za dnešní den. Na prvních místech přenocují celky Tatranu Litovel a Velké Bystřice. Nedělní den bude ve znamení dohrávky turnaje a slavnostního vyhlášení, které se bude konat v 15:00 na hale. Těšíme se na vás a hráče a na všechno!', '2015-04-13 19:09:50', '2015-03-10 21:14:05', 1),
(2, 'MINICUP 2014 slavnostně ukončen', 'Před malou chvílí byl slavnostně ukončen mezinárodní turnaj miniházené MINICUP 2014 v Litovli! Kategorii mladší miniházené ovládl domácí Tatran Litovel, ve starších o vzájemný zápas vyhrála Velká Bystřice! Gratulujeme, fotky z dnešního dne pro vás připravujeme a k večeru budou v kategorii Fotogalerie.', '2015-03-10 20:14:05', '2015-03-10 21:14:05', 1),
(5, 'Novinka', '"odkaz":[Team:default]', '2015-03-26 22:09:53', '2015-03-26 23:09:53', 1),
(6, 'Testovaí odkazová novinka', 'Dlouhý, sakra dlouhý text, ale najednou přichází "odkaz na super věc":[Homepage:informations]', '2015-03-26 22:14:00', '2015-03-26 23:14:00', 1),
(9, 'Nadpiseček', '**věc co je tučně** věc co není', '2015-03-26 22:16:05', '2015-03-26 23:16:05', 1),
(10, 'Seznam', '- seznam\n- nějakých kravin\n- a další', '2015-03-26 22:16:42', '2015-03-26 23:16:42', 1),
(11, 'Tak tohle je fakt husté', '... ->', '2015-03-26 22:17:36', '2015-03-26 23:17:36', 1),
(12, 'Jsme super přeci!', 'Je to všechno úžasné, co takhle nějaký "odkaz":[Team:detail mladsi, tatran-litovel]', '2015-04-13 19:23:08', '2015-04-13 21:14:32', 1),
(20, 'Fešný titulek, co?', 'Píšu si nějaký text, co kdybych vložil "informace":[Homepage:informations]?', '2015-04-14 17:54:28', '2015-04-14 19:54:28', NULL);

-- --------------------------------------------------------

--
-- Table structure for table `online_report`
--

CREATE TABLE IF NOT EXISTS `online_report` (
`id` int(11) NOT NULL,
  `match_id` int(11) NOT NULL,
  `message` text COLLATE utf8_czech_ci NOT NULL,
  `type` char(20) COLLATE utf8_czech_ci NOT NULL,
  `updated` timestamp NOT NULL DEFAULT CURRENT_TIMESTAMP ON UPDATE CURRENT_TIMESTAMP,
  `added` datetime NOT NULL,
  `author` int(11) NOT NULL
) ENGINE=InnoDB DEFAULT CHARSET=utf8 COLLATE=utf8_czech_ci;

-- --------------------------------------------------------

--
-- Table structure for table `photo`
--

CREATE TABLE IF NOT EXISTS `photo` (
`id` int(11) NOT NULL,
  `filename` text COLLATE utf8_czech_ci NOT NULL,
  `added` datetime NOT NULL,
  `taken` datetime NOT NULL,
  `active` tinyint(4) NOT NULL DEFAULT '0',
  `year_id` int(11) DEFAULT NULL
) ENGINE=InnoDB AUTO_INCREMENT=97 DEFAULT CHARSET=utf8 COLLATE=utf8_czech_ci;

-- --------------------------------------------------------

--
-- Table structure for table `photo_tag`
--

CREATE TABLE IF NOT EXISTS `photo_tag` (
  `photo_id` int(11) NOT NULL,
  `tag_id` int(11) NOT NULL
) ENGINE=InnoDB DEFAULT CHARSET=utf8 COLLATE=utf8_czech_ci;

-- --------------------------------------------------------

--
-- Table structure for table `static_content`
--

CREATE TABLE IF NOT EXISTS `static_content` (
`id` int(11) NOT NULL,
  `slug` varchar(50) COLLATE utf8_czech_ci NOT NULL,
  `content` text COLLATE utf8_czech_ci NOT NULL,
  `updated` timestamp NOT NULL DEFAULT '0000-00-00 00:00:00' ON UPDATE CURRENT_TIMESTAMP
) ENGINE=InnoDB AUTO_INCREMENT=23 DEFAULT CHARSET=utf8 COLLATE=utf8_czech_ci;

--
-- Dumping data for table `static_content`
--

INSERT INTO `static_content` (`id`, `slug`, `content`, `updated`) VALUES
(1, '', 'Vítejte!\r\n--------\r\n\r\nMůžete používat syntax Texy!, pokud Vám vyhovuje:\r\n- třeba **tučné** písmo nebo *kurzíva*\r\n- a takto se dělá "odkaz":http://texy.info\r\n- více najdete na stránce \r\n\r\nLook at homepage:[Team:default].\r\n\r\n\r\n"syntax":[syntax]\r\n\r\n\r\nAle také můžete zůstat u HTML:\r\n- takto <b>HTML</b>\r\n- nebo i <b class=xx>úplně <i>hloupě</b>, Texy! to pořeší\r\n\r\n\r\n[syntax]: /cs/syntax', '2015-01-24 20:49:00'),
(2, 'informations', '<div class="Article">\n<div class="Article__head Box__head">\n	<div class="Article__head__icon Box__head__icon icon__news"></div>\n	<div class="Article__head__text Box__head__text">Informace</div>\n</div>\n<div class="Box__content">\n	<div class="Article__date">Oddíl házené TJ Tatran Litovel Vás srdečně zve k účasti na 3. ročníku mezinárodního turnaje miniházené LITOVEL MINICUP 2015, který se uskuteční v termínu 22. – 24. 5. 2015.</div>\n\n<div class="Article__content">\n				Turnaj je pro určen pro družstva mladší mini (2006 a mladší) a starší mini (2004 – 2005) bez rozdílu \n\npohlaví, tzn. chlapci, dívky, smíšené týmy.Turnaje se může zúčastnit celkem 24 týmů, z toho maximálně 12 týmů v každé věkové kategorii. \n\nVzhledem k co největší atraktivitě turnaje si pořadatel vyhrazuje právo výběru</div>\n\n<div class="Article__heading">Hrací systém:</div>\n<div class="Article__content">4 + 1, každý s každým (každý tým odehraje 11 zápasů), začátek turnaje je v pátek v 13.00 hod</div>\n\n<div class="Article__heading">Hrací doba:</div>\n<div class="Article__content">2 x 10 min s 2 min. přestávkou</div>\n\n<div class="Article__heading">Kde se hraje:</div>\n<div class="Article__content">sportovní hala ZŠ Vítězná (2 hřiště)\nvenkovní areál Sokolovna Litovel (2 hřiště)\nV případě nepřízně počasí budeme nuceni přesunout venkovní zápasy do sportovní haly, tzn. zkrácení hrací doby.</div>\n\n<div class="Article__heading">Ubytování:</div>\n<div class="Article__content">ve třídách ZŠ Vítězná – karimatka, spacák</div>\n\n<div class="Article__heading">Stravování:</div>\n<div class="Article__content">školní jídelna ZŠ Vítězná (snídaně, obědy, večeře)</div>\n\n<div class="Article__heading">Vyhodnocení turnaje:</div>\n<div class="Article__content">1. tři týmy z každé věkové kategorie obdrží pohár, hodnotnou cenu, každý hráč z týmu medaili.\nHráči všech týmů dostanou sladkou odměnu, bude vyhodnocen nejlepší střelec, hráč a brankář každé věkové kategorie</div>\n\n<div class="Article__heading">Program pro děti::</div>\n<div class="Article__content">pátek - diskotéka, sobota – zápas dětských hvězd, trenérů, doprovodný program</div>\n\n<div class="Article__heading">Program pro dospělé:</div>\n<div class="Article__content">večerní posezení v areálu Sokolovny s ochutnávkou místních specialit, doprovodný program</div>\n\n<div class="Article__heading">Doprovodný program:</div>\n<div class="Article__content">k využití volného času Vám nabízíme zajištění - vše v dosahu 300 m od ubytování krytého bazénu s parní místností (ZŠ)\nhřiště na plážový volejbal (házenou) - areál Sokolovny\ntenisový kurt – areál Sokolovny\nprojížďka Litovelským Pomoravím na raftech\nPokud byste měli sportovního vyžití „nad hlavu“, jsme schopni Vám zarezervovat prohlídku blízkých Mladečských jeskyní nebo pohádkového hradu Bouzov (i noční prohlídku). Samozřejmě, že dopravu autobusem jsme schopni také zarezervovat.</div>\n\n<div class="Article__heading">Startovné:</div>\n<div class="Article__content">1 tým z oddílu – 1 500,- Kč, 2 týmy z oddílu 2 400,- Kč</div>\n\n<div class="Article__heading">Ubytování:</div>\n<div class="Article__content">80,- osobu/den, ubytování ve třídách ZŠ Vítězná. Bude vybírána vratná kauce 2 000,- Kč jako záloha na případné poškození vybavení tříd.</div>\n\n<div class="Article__heading">Strava:</div>\n<div class="Article__content">snídaně - 40,-\nOběd – 70,-\nVečeře – 70,-</div></div></div>', '2015-04-08 16:57:19'),
(3, 'sponsors', '	<div class="Article">\n		<div class="Article__head Box__head">\n			    <div class="Article__head__icon Box__head__icon icon__teams">\n	    </div>\n	    <div class="Article__head__text Box__head__text">Sponzoři</div>\n		</div>\n	    <div class="Box__content Sponzors__content">\n	    	<ul>\n	    		<li class="Sponsors__images">test</li>\n                <li class="Sponsors__images">test</li>\n                <li class="Sponsors__images">test</li>\n                <li class="Sponsors__images">test</li>\n                <li class="Sponsors__images">test</li>\n                <li class="Sponsors__images">test</li>\n                <li class="Sponsors__images">test</li>\n                <li class="Sponsors__images">test</li>\n                <li class="Sponsors__images">test</li>\n                <li class="Sponsors__images">test</li>\n                <li class="Sponsors__images">test</li>\n                <li class="Sponsors__images">test</li>\n                <li class="Sponsors__images">test</li>\n                <li class="Sponsors__images">test</li>\n	    	</ul>\n	    </div>\n	</div>', '2015-04-03 13:17:25'),
(4, 'mladsi_handball-val-mezirici', 'Nějaký text k Val. Meziříčí', '2015-04-03 13:08:13'),
(5, 'mladsi_tatran-litovel', '', '2015-04-07 19:58:42'),
(6, 'mladsi_hbc-jicin', '', '2015-04-03 13:57:12'),
(7, 'mladsi_stm-olomouc', '', '2015-04-03 13:57:17'),
(8, 'mladsi_dhk-olomouc', '<p><br>Bude XSS?</p> <br><br>', '2015-04-05 21:26:06'),
(9, 'mladsi_otrokovice', '', '2015-04-03 14:25:35'),
(10, 'mladsi_velka-bystrice', '', '2015-04-03 22:08:25'),
(11, 'mladsi_sk-zeravice-b', '', '2015-04-05 19:24:02'),
(12, 'mladsi_sk-zeravice-a', '', '2015-04-06 13:01:56'),
(13, 'mladsi_dhk-zora-olomouc', '', '2015-04-06 13:11:13'),
(14, 'mladsi_sokol-prostejov', '', '2015-04-06 13:25:48'),
(15, 'mladsi_skp-bratislava', '', '2015-04-06 13:27:22'),
(16, 'mladsi_tj-jm-chodov', '', '2015-04-06 13:27:34'),
(19, 'mladsi_velka-bystrice', '', '2015-04-17 18:06:00'),
(20, 'mladsi_stm-olomouc', '', '2015-04-17 18:07:41'),
(21, 'mladsi_tj-jm-chodov', '', '2015-04-17 18:07:46'),
(22, 'mladsi_sokol-prostejov', '', '2015-04-17 18:07:49');

-- --------------------------------------------------------

--
-- Table structure for table `tag`
--

CREATE TABLE IF NOT EXISTS `tag` (
`id` int(11) NOT NULL,
  `name` varchar(50) COLLATE utf8_czech_ci DEFAULT NULL,
  `slug` varchar(50) COLLATE utf8_czech_ci NOT NULL,
  `is_main` int(11) NOT NULL DEFAULT '0',
  `main_photo_id` int(11) DEFAULT NULL
) ENGINE=InnoDB AUTO_INCREMENT=24 DEFAULT CHARSET=utf8 COLLATE=utf8_czech_ci;

--
-- Dumping data for table `tag`
--

INSERT INTO `tag` (`id`, `name`, `slug`, `is_main`, `main_photo_id`) VALUES
(4, 'Vyhlášení turnaje MINICUP', 'vyhlaseni-turnaje', 1, NULL),
(12, 'mladší - Tatran Litovel', 'mladsi-tatran-litovel', 0, NULL),
(13, 'mladší - DHK Zora Olomouc', 'mladsi_dhk-zora-olomouc', 0, NULL),
(14, 'mladší - Velká Bystřice', 'mladsi_velka-bystrice', 0, NULL),
(15, 'mladší - SK Žeravice B', 'mladsi_sk-zeravice-b', 0, NULL),
(16, 'mladší - Sokol Prostějov', 'mladsi_sokol-prostejov', 0, NULL),
(17, 'mladší - ŠKP Bratislava', 'mladsi_skp-bratislava', 0, NULL),
(18, 'mladší - HBC Jičín', 'mladsi_hbc-jicin', 0, NULL),
(19, 'mladší - Otrokovice', 'mladsi_otrokovice', 0, NULL),
(20, 'mladší - Handball Val. Meziříčí', 'mladsi_handball-val-mezirici', 0, NULL),
(21, 'mladší - TJ JM Chodov', 'mladsi_tj-jm-chodov', 0, NULL),
(22, 'mladší - STM Olomouc', 'mladsi_stm-olomouc', 0, NULL),
(23, 'mladší - SK Žeravice A', 'mladsi_sk-zeravice-a', 0, NULL);

-- --------------------------------------------------------

--
-- Table structure for table `team`
--

CREATE TABLE IF NOT EXISTS `team` (
`id` int(11) NOT NULL,
  `category_id` int(11) NOT NULL,
  `team_info_id` int(11) NOT NULL,
  `order` int(11) NOT NULL,
  `points` int(11) NOT NULL,
  `scored` int(11) NOT NULL,
  `received` int(11) NOT NULL,
  `inserted` datetime NOT NULL,
  `actual` int(11) NOT NULL DEFAULT '0',
  `after_match_id` int(11) DEFAULT NULL
) ENGINE=InnoDB AUTO_INCREMENT=20561 DEFAULT CHARSET=utf8 COLLATE=utf8_czech_ci;

--
-- Dumping data for table `team`
--

INSERT INTO `team` (`id`, `category_id`, `team_info_id`, `order`, `points`, `scored`, `received`, `inserted`, `actual`, `after_match_id`) VALUES
(20537, 3, 91, 1, 0, 0, 0, '2015-04-17 19:58:53', 1, NULL),
(20538, 3, 92, 3, 0, 0, 0, '2015-04-17 19:58:53', 1, NULL),
(20539, 3, 99, 4, 0, 0, 0, '2015-04-17 19:58:53', 1, NULL),
(20540, 3, 100, 2, 0, 0, 0, '2015-04-17 19:58:53', 1, NULL),
(20541, 3, 102, 5, 0, 0, 0, '2015-04-17 19:58:53', 1, NULL),
(20542, 3, 94, 6, 0, 0, 0, '2015-04-17 19:58:53', 1, NULL),
(20543, 3, 96, 7, 0, 0, 0, '2015-04-17 19:58:53', 1, NULL),
(20544, 3, 101, 8, 0, 0, 0, '2015-04-17 19:58:53', 1, NULL),
(20545, 3, 95, 9, 0, 0, 0, '2015-04-17 19:58:53', 1, NULL),
(20546, 3, 98, 10, 0, 0, 0, '2015-04-17 19:58:53', 1, NULL),
(20547, 3, 93, 11, 0, 0, 0, '2015-04-17 19:58:53', 1, NULL),
(20548, 3, 97, 12, 0, 0, 0, '2015-04-17 19:58:53', 1, NULL),
(20549, 1, 78, 0, 0, 0, 0, '0000-00-00 00:00:00', 1, NULL),
(20550, 1, 88, 0, 0, 0, 0, '0000-00-00 00:00:00', 1, NULL),
(20551, 1, 87, 0, 0, 0, 0, '0000-00-00 00:00:00', 1, NULL),
(20552, 1, 80, 0, 0, 0, 0, '0000-00-00 00:00:00', 1, NULL),
(20553, 1, 90, 0, 0, 0, 0, '0000-00-00 00:00:00', 1, NULL),
(20554, 1, 82, 0, 0, 0, 0, '0000-00-00 00:00:00', 1, NULL),
(20555, 1, 83, 0, 0, 0, 0, '0000-00-00 00:00:00', 1, NULL),
(20556, 1, 84, 0, 0, 0, 0, '0000-00-00 00:00:00', 1, NULL),
(20557, 1, 85, 0, 0, 0, 0, '0000-00-00 00:00:00', 1, NULL),
(20558, 1, 86, 0, 0, 0, 0, '0000-00-00 00:00:00', 1, NULL),
(20559, 1, 89, 0, 0, 0, 0, '0000-00-00 00:00:00', 1, NULL),
(20560, 1, 79, 0, 0, 0, 0, '0000-00-00 00:00:00', 1, NULL);

--
-- Triggers `team`
--
DELIMITER //
CREATE TRIGGER `team_bi` BEFORE INSERT ON `team`
 FOR EACH ROW SET NEW.inserted = NOW()
//
DELIMITER ;

-- --------------------------------------------------------

--
-- Table structure for table `team_info`
--

CREATE TABLE IF NOT EXISTS `team_info` (
`id` int(11) NOT NULL,
  `category_id` int(11) NOT NULL,
  `name` char(30) COLLATE utf8_czech_ci NOT NULL,
  `slug` char(30) COLLATE utf8_czech_ci NOT NULL,
  `static_content_id` int(11) DEFAULT NULL,
  `tag_id` int(11) DEFAULT NULL
) ENGINE=InnoDB AUTO_INCREMENT=103 DEFAULT CHARSET=utf8 COLLATE=utf8_czech_ci;

--
-- Dumping data for table `team_info`
--

INSERT INTO `team_info` (`id`, `category_id`, `name`, `slug`, `static_content_id`, `tag_id`) VALUES
(76, 1, 'Test', 'test', NULL, NULL),
(77, 1, 'jiný test', 'jiny-test', NULL, NULL),
(78, 1, 'Tatran Litovel', 'tatran-litovel', 5, 12),
(79, 1, 'SK Žeravice A', 'sk-zeravice-a', 12, 23),
(80, 1, 'Velká Bystřice', 'velka-bystrice', 10, 14),
(81, 1, 'DHK Zora Olomouc', 'dhk-olomouc', 8, NULL),
(82, 1, 'Otrokovice', 'otrokovice', 9, 19),
(83, 1, 'Handball Val. Meziříčí', 'handball-val-mezirici', 4, 20),
(84, 1, 'TJ JM Chodov', 'tj-jm-chodov', 16, 21),
(85, 1, 'SK Žeravice B', 'sk-zeravice-b', 11, 15),
(86, 1, 'Sokol Prostějov', 'sokol-prostejov', 14, 16),
(87, 1, 'HBC Jičín', 'hbc-jicin', 6, 18),
(88, 1, 'ŠKP Bratislava', 'skp-bratislava', 15, 17),
(89, 1, 'STM Olomouc', 'stm-olomouc', 7, 22),
(90, 1, 'DHK Zora Olomouc', 'dhk-zora-olomouc', 13, 13),
(91, 3, 'Tatran Litovel', 'tatran-litovel', NULL, NULL),
(92, 3, 'SK Žeravice A', 'sk-zeravice-a', NULL, NULL),
(93, 3, 'Velká Bystřice', 'velka-bystrice', 19, NULL),
(94, 3, 'DHK Zora Olomouc', 'dhk-zora-olomouc', NULL, NULL),
(95, 3, 'Otrokovice', 'otrokovice', NULL, NULL),
(96, 3, 'Handball Val. Meziříčí', 'handball-val-mezirici', NULL, NULL),
(97, 3, 'TJ JM Chodov', 'tj-jm-chodov', 21, NULL),
(98, 3, 'SK Žeravice B', 'sk-zeravice-b', NULL, NULL),
(99, 3, 'Sokol Prostějov', 'sokol-prostejov', 22, NULL),
(100, 3, 'HBC Jičín', 'hbc-jicin', NULL, NULL),
(101, 3, 'ŠKP Bratislava', 'skp-bratislava', NULL, NULL),
(102, 3, 'STM Olomouc', 'stm-olomouc', 20, NULL);

-- --------------------------------------------------------

--
-- Table structure for table `user`
--

CREATE TABLE IF NOT EXISTS `user` (
`id` int(11) NOT NULL,
  `username` text COLLATE utf8_czech_ci NOT NULL,
  `password_hash` text COLLATE utf8_czech_ci NOT NULL,
  `role` text COLLATE utf8_czech_ci NOT NULL,
  `fullname` text COLLATE utf8_czech_ci NOT NULL
) ENGINE=InnoDB AUTO_INCREMENT=2 DEFAULT CHARSET=utf8 COLLATE=utf8_czech_ci;

--
-- Dumping data for table `user`
--

INSERT INTO `user` (`id`, `username`, `password_hash`, `role`, `fullname`) VALUES
(1, 'joe', '$2y$10$HZGTs1GzZB70Bbpc2HLnFeyBYdaudLWW/gOd7CVEcpf8C4nURUVRi', 'admin', 'Joe Kolář');

-- --------------------------------------------------------

--
-- Table structure for table `year`
--

CREATE TABLE IF NOT EXISTS `year` (
`id` int(11) NOT NULL,
  `year` year(4) NOT NULL,
  `name` text COLLATE utf8_czech_ci,
  `slug` char(20) COLLATE utf8_czech_ci NOT NULL,
  `actual` tinyint(1) NOT NULL
) ENGINE=InnoDB AUTO_INCREMENT=4 DEFAULT CHARSET=utf8 COLLATE=utf8_czech_ci;

--
-- Dumping data for table `year`
--

INSERT INTO `year` (`id`, `year`, `name`, `slug`, `actual`) VALUES
(1, 2015, NULL, '2015', 1),
(2, 2014, NULL, '2014', 0),
(3, 2013, NULL, '2013', 0);

--
-- Indexes for dumped tables
--

--
-- Indexes for table `category`
--
ALTER TABLE `category`
 ADD PRIMARY KEY (`id`), ADD UNIQUE KEY `year_id_slug` (`year_id`,`slug`);

--
-- Indexes for table `day`
--
ALTER TABLE `day`
 ADD PRIMARY KEY (`id`), ADD KEY `year_id` (`year_id`);

--
-- Indexes for table `match`
--
ALTER TABLE `match`
 ADD PRIMARY KEY (`id`), ADD UNIQUE KEY `id` (`id`), ADD KEY `AI_id` (`id`), ADD KEY `home_team_id` (`home_team_info_id`), ADD KEY `away_team_id` (`away_team_info_id`), ADD KEY `match_term_id` (`match_term_id`), ADD KEY `category_id` (`category_id`);

--
-- Indexes for table `match_term`
--
ALTER TABLE `match_term`
 ADD PRIMARY KEY (`id`), ADD KEY `day_id` (`day_id`);

--
-- Indexes for table `news`
--
ALTER TABLE `news`
 ADD PRIMARY KEY (`id`), ADD KEY `id` (`id`), ADD KEY `year_id` (`year_id`);

--
-- Indexes for table `online_report`
--
ALTER TABLE `online_report`
 ADD PRIMARY KEY (`id`), ADD KEY `match_id` (`match_id`), ADD KEY `author` (`author`);

--
-- Indexes for table `photo`
--
ALTER TABLE `photo`
 ADD PRIMARY KEY (`id`), ADD KEY `year_id` (`year_id`);

--
-- Indexes for table `photo_tag`
--
ALTER TABLE `photo_tag`
 ADD PRIMARY KEY (`photo_id`,`tag_id`), ADD KEY `tag_id` (`tag_id`);

--
-- Indexes for table `static_content`
--
ALTER TABLE `static_content`
 ADD PRIMARY KEY (`id`);

--
-- Indexes for table `tag`
--
ALTER TABLE `tag`
 ADD PRIMARY KEY (`id`), ADD UNIQUE KEY `slug` (`slug`), ADD UNIQUE KEY `name` (`name`), ADD KEY `main_photo_id` (`main_photo_id`);

--
-- Indexes for table `team`
--
ALTER TABLE `team`
 ADD PRIMARY KEY (`id`), ADD KEY `category_id` (`category_id`), ADD KEY `team_info_id` (`team_info_id`), ADD KEY `after_match_id` (`after_match_id`);

--
-- Indexes for table `team_info`
--
ALTER TABLE `team_info`
 ADD PRIMARY KEY (`id`), ADD UNIQUE KEY `category_id_name_slug` (`category_id`,`name`,`slug`), ADD KEY `static_content_id` (`static_content_id`), ADD KEY `tag_id` (`tag_id`);

--
-- Indexes for table `user`
--
ALTER TABLE `user`
 ADD PRIMARY KEY (`id`);

--
-- Indexes for table `year`
--
ALTER TABLE `year`
 ADD PRIMARY KEY (`id`), ADD UNIQUE KEY `slug` (`slug`);

--
-- AUTO_INCREMENT for dumped tables
--

--
-- AUTO_INCREMENT for table `category`
--
ALTER TABLE `category`
MODIFY `id` int(11) NOT NULL AUTO_INCREMENT,AUTO_INCREMENT=5;
--
-- AUTO_INCREMENT for table `day`
--
ALTER TABLE `day`
MODIFY `id` int(11) NOT NULL AUTO_INCREMENT,AUTO_INCREMENT=83;
--
-- AUTO_INCREMENT for table `match`
--
ALTER TABLE `match`
MODIFY `id` int(11) NOT NULL AUTO_INCREMENT,AUTO_INCREMENT=2843;
--
-- AUTO_INCREMENT for table `match_term`
--
ALTER TABLE `match_term`
MODIFY `id` int(11) NOT NULL AUTO_INCREMENT,AUTO_INCREMENT=2292;
--
-- AUTO_INCREMENT for table `news`
--
ALTER TABLE `news`
MODIFY `id` int(11) NOT NULL AUTO_INCREMENT,AUTO_INCREMENT=21;
--
-- AUTO_INCREMENT for table `online_report`
--
ALTER TABLE `online_report`
MODIFY `id` int(11) NOT NULL AUTO_INCREMENT;
--
-- AUTO_INCREMENT for table `photo`
--
ALTER TABLE `photo`
MODIFY `id` int(11) NOT NULL AUTO_INCREMENT,AUTO_INCREMENT=97;
--
-- AUTO_INCREMENT for table `static_content`
--
ALTER TABLE `static_content`
MODIFY `id` int(11) NOT NULL AUTO_INCREMENT,AUTO_INCREMENT=23;
--
-- AUTO_INCREMENT for table `tag`
--
ALTER TABLE `tag`
MODIFY `id` int(11) NOT NULL AUTO_INCREMENT,AUTO_INCREMENT=24;
--
-- AUTO_INCREMENT for table `team`
--
ALTER TABLE `team`
MODIFY `id` int(11) NOT NULL AUTO_INCREMENT,AUTO_INCREMENT=20561;
--
-- AUTO_INCREMENT for table `team_info`
--
ALTER TABLE `team_info`
MODIFY `id` int(11) NOT NULL AUTO_INCREMENT,AUTO_INCREMENT=103;
--
-- AUTO_INCREMENT for table `user`
--
ALTER TABLE `user`
MODIFY `id` int(11) NOT NULL AUTO_INCREMENT,AUTO_INCREMENT=2;
--
-- AUTO_INCREMENT for table `year`
--
ALTER TABLE `year`
MODIFY `id` int(11) NOT NULL AUTO_INCREMENT,AUTO_INCREMENT=4;
--
-- Constraints for dumped tables
--

--
-- Constraints for table `category`
--
ALTER TABLE `category`
ADD CONSTRAINT `category_ibfk_1` FOREIGN KEY (`year_id`) REFERENCES `year` (`id`);

--
-- Constraints for table `day`
--
ALTER TABLE `day`
ADD CONSTRAINT `day_ibfk_1` FOREIGN KEY (`year_id`) REFERENCES `year` (`id`);

--
-- Constraints for table `match`
--
ALTER TABLE `match`
ADD CONSTRAINT `match_ibfk_1` FOREIGN KEY (`match_term_id`) REFERENCES `match_term` (`id`),
ADD CONSTRAINT `match_ibfk_2` FOREIGN KEY (`category_id`) REFERENCES `category` (`id`),
ADD CONSTRAINT `match_ibfk_5` FOREIGN KEY (`home_team_info_id`) REFERENCES `team_info` (`id`),
ADD CONSTRAINT `match_ibfk_6` FOREIGN KEY (`away_team_info_id`) REFERENCES `team_info` (`id`);

--
-- Constraints for table `match_term`
--
ALTER TABLE `match_term`
ADD CONSTRAINT `day_id` FOREIGN KEY (`day_id`) REFERENCES `day` (`id`);

--
-- Constraints for table `news`
--
ALTER TABLE `news`
ADD CONSTRAINT `news_ibfk_1` FOREIGN KEY (`year_id`) REFERENCES `year` (`id`);

--
-- Constraints for table `online_report`
--
ALTER TABLE `online_report`
ADD CONSTRAINT `online_report_ibfk_1` FOREIGN KEY (`match_id`) REFERENCES `match` (`id`),
ADD CONSTRAINT `online_report_ibfk_3` FOREIGN KEY (`author`) REFERENCES `user` (`id`);

--
-- Constraints for table `photo`
--
ALTER TABLE `photo`
ADD CONSTRAINT `photo_ibfk_2` FOREIGN KEY (`year_id`) REFERENCES `year` (`id`) ON DELETE NO ACTION ON UPDATE NO ACTION;

--
-- Constraints for table `photo_tag`
--
ALTER TABLE `photo_tag`
ADD CONSTRAINT `photo_tag_ibfk_3` FOREIGN KEY (`photo_id`) REFERENCES `photo` (`id`) ON DELETE CASCADE ON UPDATE CASCADE,
ADD CONSTRAINT `photo_tag_ibfk_4` FOREIGN KEY (`tag_id`) REFERENCES `tag` (`id`) ON DELETE CASCADE ON UPDATE CASCADE;

--
-- Constraints for table `tag`
--
ALTER TABLE `tag`
ADD CONSTRAINT `tag_ibfk_1` FOREIGN KEY (`main_photo_id`) REFERENCES `photo` (`id`);

--
-- Constraints for table `team`
--
ALTER TABLE `team`
ADD CONSTRAINT `team_ibfk_1` FOREIGN KEY (`team_info_id`) REFERENCES `team_info` (`id`),
ADD CONSTRAINT `team_ibfk_2` FOREIGN KEY (`category_id`) REFERENCES `category` (`id`),
ADD CONSTRAINT `team_ibfk_6` FOREIGN KEY (`after_match_id`) REFERENCES `match` (`id`) ON DELETE SET NULL ON UPDATE SET NULL;

--
-- Constraints for table `team_info`
--
ALTER TABLE `team_info`
ADD CONSTRAINT `team_info_ibfk_2` FOREIGN KEY (`category_id`) REFERENCES `category` (`id`),
ADD CONSTRAINT `team_info_ibfk_3` FOREIGN KEY (`static_content_id`) REFERENCES `static_content` (`id`),
ADD CONSTRAINT `team_info_ibfk_4` FOREIGN KEY (`tag_id`) REFERENCES `tag` (`id`);

/*!40101 SET CHARACTER_SET_CLIENT=@OLD_CHARACTER_SET_CLIENT */;
/*!40101 SET CHARACTER_SET_RESULTS=@OLD_CHARACTER_SET_RESULTS */;
/*!40101 SET COLLATION_CONNECTION=@OLD_COLLATION_CONNECTION */;
