-- phpMyAdmin SQL Dump
-- version 4.2.11
-- http://www.phpmyadmin.net
--
-- Host: localhost
-- Generation Time: Apr 05, 2015 at 11:50 PM
-- Server version: 5.5.41-0ubuntu0.14.10.1
-- PHP Version: 5.5.12-2ubuntu4.3

SET SQL_MODE = "NO_AUTO_VALUE_ON_ZERO";
SET time_zone = "+00:00";


/*!40101 SET @OLD_CHARACTER_SET_CLIENT=@@CHARACTER_SET_CLIENT */;
/*!40101 SET @OLD_CHARACTER_SET_RESULTS=@@CHARACTER_SET_RESULTS */;
/*!40101 SET @OLD_COLLATION_CONNECTION=@@COLLATION_CONNECTION */;
/*!40101 SET NAMES utf8 */;

--
-- Database: `minicup-2015`
--

-- --------------------------------------------------------

--
-- Table structure for table `category`
--

CREATE TABLE IF NOT EXISTS `category` (
`id` int(11) NOT NULL,
  `year_id` int(11) DEFAULT NULL,
  `name` char(30) COLLATE utf8_czech_ci NOT NULL,
  `slug` char(30) COLLATE utf8_czech_ci NOT NULL,
  `default` int(11) NOT NULL DEFAULT '0'
) ENGINE=InnoDB AUTO_INCREMENT=3 DEFAULT CHARSET=utf8 COLLATE=utf8_czech_ci;

--
-- Dumping data for table `category`
--

INSERT INTO `category` (`id`, `year_id`, `name`, `slug`, `default`) VALUES
(1, 1, 'mladší', 'mladsi', 1),
(2, 1, 'starší', 'starsi', 0);

-- --------------------------------------------------------

--
-- Table structure for table `day`
--

CREATE TABLE IF NOT EXISTS `day` (
`id` int(11) NOT NULL,
  `day` date NOT NULL,
  `year_id` int(11) NOT NULL
) ENGINE=InnoDB AUTO_INCREMENT=80 DEFAULT CHARSET=utf8 COLLATE=utf8_czech_ci;

--
-- Dumping data for table `day`
--

INSERT INTO `day` (`id`, `day`, `year_id`) VALUES
(77, '2015-05-23', 1),
(78, '2015-05-24', 1),
(79, '2015-05-25', 1);

-- --------------------------------------------------------

--
-- Table structure for table `match`
--

CREATE TABLE IF NOT EXISTS `match` (
`id` int(11) NOT NULL,
  `match_term_id` int(11) DEFAULT NULL,
  `category_id` int(11) NOT NULL,
  `home_team_info_id` int(11) NOT NULL,
  `away_team_info_id` int(11) NOT NULL,
  `score_home` int(11) DEFAULT NULL,
  `score_away` int(11) DEFAULT NULL,
  `confirmed` int(11) NOT NULL DEFAULT '0'
) ENGINE=InnoDB AUTO_INCREMENT=2117 DEFAULT CHARSET=utf8 COLLATE=utf8_czech_ci;

--
-- Dumping data for table `match`
--

INSERT INTO `match` (`id`, `match_term_id`, `category_id`, `home_team_info_id`, `away_team_info_id`, `score_home`, `score_away`, `confirmed`) VALUES
(2051, 1500, 1, 78, 79, 20, 15, 1),
(2052, 1501, 1, 80, 81, 5, 4, 1),
(2053, 1502, 1, 82, 83, 5, 10, 1),
(2054, 1503, 1, 84, 85, 20, 22, 1),
(2055, 1504, 1, 86, 87, 10, 8, 1),
(2056, 1505, 1, 88, 83, 3, 2, 1),
(2057, 1506, 1, 80, 78, 8, 12, 1),
(2058, 1507, 1, 89, 79, 10, 12, 1),
(2059, 1508, 1, 87, 82, 10, 10, 1),
(2060, 1509, 1, 81, 84, 0, 0, 0),
(2061, 1510, 1, 85, 88, 0, 0, 0),
(2062, 1511, 1, 83, 86, 0, 0, 0),
(2063, 1512, 1, 78, 89, 0, 0, 0),
(2064, 1513, 1, 84, 80, 0, 0, 0),
(2065, 1514, 1, 79, 87, 0, 0, 0),
(2066, 1515, 1, 88, 81, 0, 0, 0),
(2067, 1516, 1, 86, 85, 0, 0, 0),
(2068, 1517, 1, 82, 89, 0, 0, 0),
(2069, 1518, 1, 84, 78, 0, 0, 0),
(2070, 1519, 1, 87, 89, 0, 0, 0),
(2071, 1520, 1, 80, 88, 0, 0, 0),
(2072, 1521, 1, 83, 79, 0, 0, 0),
(2073, 1522, 1, 81, 86, 0, 0, 0),
(2074, 1523, 1, 85, 82, 0, 0, 0),
(2075, 1524, 1, 88, 84, 0, 0, 0),
(2076, 1525, 1, 78, 87, 0, 0, 0),
(2077, 1526, 1, 89, 83, 0, 0, 0),
(2078, 1527, 1, 79, 85, 0, 0, 0),
(2079, 1528, 1, 86, 80, 0, 0, 0),
(2080, 1529, 1, 82, 81, 0, 0, 0),
(2081, 1530, 1, 88, 78, 0, 0, 0),
(2082, 1531, 1, 83, 87, 0, 0, 0),
(2083, 1532, 1, 85, 89, 0, 0, 0),
(2084, 1533, 1, 80, 82, 0, 0, 0),
(2085, 1534, 1, 84, 86, 0, 0, 0),
(2086, 1535, 1, 81, 79, 0, 0, 0),
(2087, 1536, 1, 78, 83, 0, 0, 0),
(2088, 1537, 1, 86, 88, 0, 0, 0),
(2089, 1538, 1, 87, 85, 0, 0, 0),
(2090, 1539, 1, 82, 84, 0, 0, 0),
(2091, 1540, 1, 79, 80, 0, 0, 0),
(2092, 1541, 1, 89, 81, 0, 0, 0),
(2093, 1542, 1, 86, 78, 0, 0, 0),
(2094, 1543, 1, 85, 83, 0, 0, 0),
(2095, 1544, 1, 88, 82, 0, 0, 0),
(2096, 1545, 1, 81, 87, 0, 0, 0),
(2097, 1546, 1, 84, 79, 0, 0, 0),
(2098, 1547, 1, 80, 89, 0, 0, 0),
(2099, 1548, 1, 82, 86, 0, 0, 0),
(2100, 1549, 1, 78, 85, 0, 0, 0),
(2101, 1550, 1, 83, 81, 0, 0, 0),
(2102, 1551, 1, 79, 88, 0, 0, 0),
(2103, 1552, 1, 87, 80, 0, 0, 0),
(2104, 1553, 1, 89, 84, 0, 0, 0),
(2105, 1554, 1, 82, 78, 0, 0, 0),
(2106, 1555, 1, 81, 85, 0, 0, 0),
(2107, 1556, 1, 80, 83, 0, 0, 0),
(2108, 1557, 1, 86, 79, 0, 0, 0),
(2109, 1558, 1, 88, 89, 0, 0, 0),
(2110, 1559, 1, 79, 82, 0, 0, 0),
(2111, 1560, 1, 78, 81, 0, 0, 0),
(2112, 1561, 1, 84, 87, 0, 0, 0),
(2113, 1562, 1, 85, 80, 0, 0, 0),
(2114, 1563, 1, 89, 86, 0, 0, 0),
(2115, 1564, 1, 83, 84, 0, 0, 0),
(2116, 1565, 1, 87, 88, 0, 0, 0);

-- --------------------------------------------------------

--
-- Table structure for table `match_term`
--

CREATE TABLE IF NOT EXISTS `match_term` (
`id` int(11) NOT NULL,
  `start` time NOT NULL,
  `end` time NOT NULL,
  `day_id` int(11) NOT NULL,
  `location` varchar(50) COLLATE utf8_czech_ci NOT NULL
) ENGINE=InnoDB AUTO_INCREMENT=1566 DEFAULT CHARSET=utf8 COLLATE=utf8_czech_ci;

--
-- Dumping data for table `match_term`
--

INSERT INTO `match_term` (`id`, `start`, `end`, `day_id`, `location`) VALUES
(554, '13:00:00', '13:30:00', 77, ''),
(555, '13:30:00', '14:00:00', 77, ''),
(556, '14:00:00', '14:30:00', 77, ''),
(557, '14:30:00', '15:00:00', 77, ''),
(558, '15:00:00', '15:30:00', 77, ''),
(559, '15:30:00', '16:00:00', 77, ''),
(560, '16:00:00', '16:30:00', 77, ''),
(561, '16:30:00', '17:00:00', 77, ''),
(562, '17:00:00', '17:30:00', 77, ''),
(563, '09:00:00', '09:30:00', 78, ''),
(564, '09:30:00', '10:00:00', 78, ''),
(565, '10:00:00', '10:30:00', 78, ''),
(566, '10:30:00', '11:00:00', 78, ''),
(567, '11:00:00', '11:30:00', 78, ''),
(568, '11:30:00', '12:00:00', 78, ''),
(569, '12:00:00', '12:30:00', 78, ''),
(570, '12:30:00', '13:00:00', 78, ''),
(571, '13:00:00', '13:30:00', 78, ''),
(572, '13:30:00', '14:00:00', 78, ''),
(573, '14:00:00', '14:30:00', 78, ''),
(574, '14:30:00', '15:00:00', 78, ''),
(575, '15:00:00', '15:30:00', 78, ''),
(576, '09:00:00', '09:30:00', 79, ''),
(577, '09:30:00', '10:00:00', 79, ''),
(578, '10:00:00', '10:30:00', 79, ''),
(579, '10:30:00', '11:00:00', 79, ''),
(580, '11:00:00', '11:30:00', 79, ''),
(581, '11:30:00', '12:00:00', 79, ''),
(582, '12:00:00', '12:30:00', 79, ''),
(583, '12:30:00', '13:00:00', 79, ''),
(584, '13:00:00', '13:30:00', 79, ''),
(585, '13:30:00', '14:00:00', 79, ''),
(586, '14:00:00', '14:30:00', 79, ''),
(587, '13:00:00', '13:30:00', 77, ''),
(588, '13:00:00', '13:30:00', 77, ''),
(589, '13:00:00', '13:30:00', 77, ''),
(590, '13:00:00', '13:30:00', 77, ''),
(591, '13:00:00', '13:30:00', 77, ''),
(592, '13:30:00', '14:00:00', 77, ''),
(593, '13:30:00', '14:00:00', 77, ''),
(594, '14:00:00', '14:30:00', 77, ''),
(595, '14:00:00', '14:30:00', 77, ''),
(596, '14:30:00', '15:00:00', 77, ''),
(597, '14:30:00', '15:00:00', 77, ''),
(598, '15:00:00', '15:30:00', 77, ''),
(599, '15:00:00', '15:30:00', 77, ''),
(600, '15:30:00', '16:00:00', 77, ''),
(601, '15:30:00', '16:00:00', 77, ''),
(602, '16:00:00', '16:30:00', 77, ''),
(603, '16:00:00', '16:30:00', 77, ''),
(604, '16:30:00', '17:00:00', 77, ''),
(605, '16:30:00', '17:00:00', 77, ''),
(606, '17:00:00', '17:30:00', 77, ''),
(607, '17:00:00', '17:30:00', 77, ''),
(608, '09:00:00', '09:30:00', 78, ''),
(609, '09:00:00', '09:30:00', 78, ''),
(610, '09:30:00', '10:00:00', 78, ''),
(611, '09:30:00', '10:00:00', 78, ''),
(612, '10:00:00', '10:30:00', 78, ''),
(613, '10:00:00', '10:30:00', 78, ''),
(614, '13:00:00', '13:30:00', 77, ''),
(615, '13:00:00', '13:30:00', 77, ''),
(616, '13:30:00', '14:00:00', 77, ''),
(617, '13:30:00', '14:00:00', 77, ''),
(618, '14:00:00', '14:30:00', 77, ''),
(619, '14:00:00', '14:30:00', 77, ''),
(620, '14:30:00', '15:00:00', 77, ''),
(621, '14:30:00', '15:00:00', 77, ''),
(622, '15:00:00', '15:30:00', 77, ''),
(623, '15:00:00', '15:30:00', 77, ''),
(624, '15:30:00', '16:00:00', 77, ''),
(625, '15:30:00', '16:00:00', 77, ''),
(626, '16:00:00', '16:30:00', 77, ''),
(627, '16:00:00', '16:30:00', 77, ''),
(628, '16:30:00', '17:00:00', 77, ''),
(629, '16:30:00', '17:00:00', 77, ''),
(630, '17:00:00', '17:30:00', 77, ''),
(631, '17:00:00', '17:30:00', 77, ''),
(632, '09:00:00', '09:30:00', 78, ''),
(633, '09:00:00', '09:30:00', 78, ''),
(634, '09:30:00', '10:00:00', 78, ''),
(635, '09:30:00', '10:00:00', 78, ''),
(636, '10:00:00', '10:30:00', 78, ''),
(637, '10:00:00', '10:30:00', 78, ''),
(638, '10:30:00', '11:00:00', 78, ''),
(639, '10:30:00', '11:00:00', 78, ''),
(640, '11:00:00', '11:30:00', 78, ''),
(641, '11:00:00', '11:30:00', 78, ''),
(642, '11:30:00', '12:00:00', 78, ''),
(643, '11:30:00', '12:00:00', 78, ''),
(644, '12:00:00', '12:30:00', 78, ''),
(645, '12:00:00', '12:30:00', 78, ''),
(646, '12:30:00', '13:00:00', 78, ''),
(647, '12:30:00', '13:00:00', 78, ''),
(648, '13:00:00', '13:30:00', 78, ''),
(649, '13:00:00', '13:30:00', 78, ''),
(650, '13:30:00', '14:00:00', 78, ''),
(651, '13:30:00', '14:00:00', 78, ''),
(652, '14:00:00', '14:30:00', 78, ''),
(653, '14:00:00', '14:30:00', 78, ''),
(654, '14:30:00', '15:00:00', 78, ''),
(655, '14:30:00', '15:00:00', 78, ''),
(656, '15:00:00', '15:30:00', 78, ''),
(657, '15:00:00', '15:30:00', 78, ''),
(658, '09:00:00', '09:30:00', 79, ''),
(659, '09:00:00', '09:30:00', 79, ''),
(660, '09:30:00', '10:00:00', 79, ''),
(661, '09:30:00', '10:00:00', 79, ''),
(662, '10:00:00', '10:30:00', 79, ''),
(663, '10:00:00', '10:30:00', 79, ''),
(664, '10:30:00', '11:00:00', 79, ''),
(665, '10:30:00', '11:00:00', 79, ''),
(666, '11:00:00', '11:30:00', 79, ''),
(667, '11:00:00', '11:30:00', 79, ''),
(668, '11:30:00', '12:00:00', 79, ''),
(669, '11:30:00', '12:00:00', 79, ''),
(670, '12:00:00', '12:30:00', 79, ''),
(671, '12:00:00', '12:30:00', 79, ''),
(672, '12:30:00', '13:00:00', 79, ''),
(673, '12:30:00', '13:00:00', 79, ''),
(674, '13:00:00', '13:30:00', 79, ''),
(675, '13:00:00', '13:30:00', 79, ''),
(676, '13:30:00', '14:00:00', 79, ''),
(677, '13:30:00', '14:00:00', 79, ''),
(678, '14:00:00', '14:30:00', 79, ''),
(679, '14:00:00', '14:30:00', 79, ''),
(680, '13:00:00', '13:30:00', 77, ''),
(681, '13:00:00', '13:30:00', 77, ''),
(682, '13:30:00', '14:00:00', 77, ''),
(683, '13:30:00', '14:00:00', 77, ''),
(684, '14:00:00', '14:30:00', 77, ''),
(685, '14:00:00', '14:30:00', 77, ''),
(686, '14:30:00', '15:00:00', 77, ''),
(687, '14:30:00', '15:00:00', 77, ''),
(688, '15:00:00', '15:30:00', 77, ''),
(689, '15:00:00', '15:30:00', 77, ''),
(690, '15:30:00', '16:00:00', 77, ''),
(691, '15:30:00', '16:00:00', 77, ''),
(692, '16:00:00', '16:30:00', 77, ''),
(693, '16:00:00', '16:30:00', 77, ''),
(694, '16:30:00', '17:00:00', 77, ''),
(695, '16:30:00', '17:00:00', 77, ''),
(696, '17:00:00', '17:30:00', 77, ''),
(697, '17:00:00', '17:30:00', 77, ''),
(698, '09:00:00', '09:30:00', 78, ''),
(699, '09:00:00', '09:30:00', 78, ''),
(700, '09:30:00', '10:00:00', 78, ''),
(701, '09:30:00', '10:00:00', 78, ''),
(702, '10:00:00', '10:30:00', 78, ''),
(703, '10:00:00', '10:30:00', 78, ''),
(704, '10:30:00', '11:00:00', 78, ''),
(705, '10:30:00', '11:00:00', 78, ''),
(706, '11:00:00', '11:30:00', 78, ''),
(707, '11:00:00', '11:30:00', 78, ''),
(708, '11:30:00', '12:00:00', 78, ''),
(709, '11:30:00', '12:00:00', 78, ''),
(710, '12:00:00', '12:30:00', 78, ''),
(711, '12:00:00', '12:30:00', 78, ''),
(712, '12:30:00', '13:00:00', 78, ''),
(713, '12:30:00', '13:00:00', 78, ''),
(714, '13:00:00', '13:30:00', 78, ''),
(715, '13:00:00', '13:30:00', 78, ''),
(716, '13:30:00', '14:00:00', 78, ''),
(717, '13:30:00', '14:00:00', 78, ''),
(718, '14:00:00', '14:30:00', 78, ''),
(719, '14:00:00', '14:30:00', 78, ''),
(720, '14:30:00', '15:00:00', 78, ''),
(721, '14:30:00', '15:00:00', 78, ''),
(722, '15:00:00', '15:30:00', 78, ''),
(723, '15:00:00', '15:30:00', 78, ''),
(724, '09:00:00', '09:30:00', 79, ''),
(725, '09:00:00', '09:30:00', 79, ''),
(726, '09:30:00', '10:00:00', 79, ''),
(727, '09:30:00', '10:00:00', 79, ''),
(728, '10:00:00', '10:30:00', 79, ''),
(729, '10:00:00', '10:30:00', 79, ''),
(730, '10:30:00', '11:00:00', 79, ''),
(731, '10:30:00', '11:00:00', 79, ''),
(732, '11:00:00', '11:30:00', 79, ''),
(733, '11:00:00', '11:30:00', 79, ''),
(734, '11:30:00', '12:00:00', 79, ''),
(735, '11:30:00', '12:00:00', 79, ''),
(736, '12:00:00', '12:30:00', 79, ''),
(737, '12:00:00', '12:30:00', 79, ''),
(738, '12:30:00', '13:00:00', 79, ''),
(739, '12:30:00', '13:00:00', 79, ''),
(740, '13:00:00', '13:30:00', 79, ''),
(741, '13:00:00', '13:30:00', 79, ''),
(742, '13:30:00', '14:00:00', 79, ''),
(743, '13:30:00', '14:00:00', 79, ''),
(744, '14:00:00', '14:30:00', 79, ''),
(745, '14:00:00', '14:30:00', 79, ''),
(746, '13:00:00', '13:30:00', 77, ''),
(747, '13:00:00', '13:30:00', 77, ''),
(748, '13:30:00', '14:00:00', 77, ''),
(749, '13:30:00', '14:00:00', 77, ''),
(750, '14:00:00', '14:30:00', 77, ''),
(751, '14:00:00', '14:30:00', 77, ''),
(752, '14:30:00', '15:00:00', 77, ''),
(753, '14:30:00', '15:00:00', 77, ''),
(754, '15:00:00', '15:30:00', 77, ''),
(755, '15:00:00', '15:30:00', 77, ''),
(756, '15:30:00', '16:00:00', 77, ''),
(757, '15:30:00', '16:00:00', 77, ''),
(758, '16:00:00', '16:30:00', 77, ''),
(759, '16:00:00', '16:30:00', 77, ''),
(760, '16:30:00', '17:00:00', 77, ''),
(761, '16:30:00', '17:00:00', 77, ''),
(762, '17:00:00', '17:30:00', 77, ''),
(763, '17:00:00', '17:30:00', 77, ''),
(764, '09:00:00', '09:30:00', 78, ''),
(765, '09:00:00', '09:30:00', 78, ''),
(766, '09:30:00', '10:00:00', 78, ''),
(767, '09:30:00', '10:00:00', 78, ''),
(768, '10:00:00', '10:30:00', 78, ''),
(769, '10:00:00', '10:30:00', 78, ''),
(770, '10:30:00', '11:00:00', 78, ''),
(771, '10:30:00', '11:00:00', 78, ''),
(772, '11:00:00', '11:30:00', 78, ''),
(773, '11:00:00', '11:30:00', 78, ''),
(774, '11:30:00', '12:00:00', 78, ''),
(775, '11:30:00', '12:00:00', 78, ''),
(776, '12:00:00', '12:30:00', 78, ''),
(777, '12:00:00', '12:30:00', 78, ''),
(778, '12:30:00', '13:00:00', 78, ''),
(779, '12:30:00', '13:00:00', 78, ''),
(780, '13:00:00', '13:30:00', 78, ''),
(781, '13:00:00', '13:30:00', 78, ''),
(782, '13:30:00', '14:00:00', 78, ''),
(783, '13:30:00', '14:00:00', 78, ''),
(784, '14:00:00', '14:30:00', 78, ''),
(785, '14:00:00', '14:30:00', 78, ''),
(786, '14:30:00', '15:00:00', 78, ''),
(787, '14:30:00', '15:00:00', 78, ''),
(788, '15:00:00', '15:30:00', 78, ''),
(789, '15:00:00', '15:30:00', 78, ''),
(790, '09:00:00', '09:30:00', 79, ''),
(791, '09:00:00', '09:30:00', 79, ''),
(792, '09:30:00', '10:00:00', 79, ''),
(793, '09:30:00', '10:00:00', 79, ''),
(794, '10:00:00', '10:30:00', 79, ''),
(795, '10:00:00', '10:30:00', 79, ''),
(796, '10:30:00', '11:00:00', 79, ''),
(797, '10:30:00', '11:00:00', 79, ''),
(798, '11:00:00', '11:30:00', 79, ''),
(799, '11:00:00', '11:30:00', 79, ''),
(800, '11:30:00', '12:00:00', 79, ''),
(801, '11:30:00', '12:00:00', 79, ''),
(802, '12:00:00', '12:30:00', 79, ''),
(803, '12:00:00', '12:30:00', 79, ''),
(804, '12:30:00', '13:00:00', 79, ''),
(805, '12:30:00', '13:00:00', 79, ''),
(806, '13:00:00', '13:30:00', 79, ''),
(807, '13:00:00', '13:30:00', 79, ''),
(808, '13:30:00', '14:00:00', 79, ''),
(809, '13:30:00', '14:00:00', 79, ''),
(810, '14:00:00', '14:30:00', 79, ''),
(811, '14:00:00', '14:30:00', 79, ''),
(812, '13:00:00', '13:30:00', 77, ''),
(813, '13:00:00', '13:30:00', 77, ''),
(814, '13:30:00', '14:00:00', 77, ''),
(815, '13:30:00', '14:00:00', 77, ''),
(816, '14:00:00', '14:30:00', 77, ''),
(817, '14:00:00', '14:30:00', 77, ''),
(818, '14:30:00', '15:00:00', 77, ''),
(819, '14:30:00', '15:00:00', 77, ''),
(820, '15:00:00', '15:30:00', 77, ''),
(821, '15:00:00', '15:30:00', 77, ''),
(822, '15:30:00', '16:00:00', 77, ''),
(823, '15:30:00', '16:00:00', 77, ''),
(824, '16:00:00', '16:30:00', 77, ''),
(825, '16:00:00', '16:30:00', 77, ''),
(826, '16:30:00', '17:00:00', 77, ''),
(827, '16:30:00', '17:00:00', 77, ''),
(828, '17:00:00', '17:30:00', 77, ''),
(829, '17:00:00', '17:30:00', 77, ''),
(830, '09:00:00', '09:30:00', 78, ''),
(831, '09:00:00', '09:30:00', 78, ''),
(832, '09:30:00', '10:00:00', 78, ''),
(833, '09:30:00', '10:00:00', 78, ''),
(834, '10:00:00', '10:30:00', 78, ''),
(835, '10:00:00', '10:30:00', 78, ''),
(836, '10:30:00', '11:00:00', 78, ''),
(837, '10:30:00', '11:00:00', 78, ''),
(838, '11:00:00', '11:30:00', 78, ''),
(839, '11:00:00', '11:30:00', 78, ''),
(840, '11:30:00', '12:00:00', 78, ''),
(841, '11:30:00', '12:00:00', 78, ''),
(842, '12:00:00', '12:30:00', 78, ''),
(843, '12:00:00', '12:30:00', 78, ''),
(844, '12:30:00', '13:00:00', 78, ''),
(845, '12:30:00', '13:00:00', 78, ''),
(846, '13:00:00', '13:30:00', 78, ''),
(847, '13:00:00', '13:30:00', 78, ''),
(848, '13:30:00', '14:00:00', 78, ''),
(849, '13:30:00', '14:00:00', 78, ''),
(850, '14:00:00', '14:30:00', 78, ''),
(851, '14:00:00', '14:30:00', 78, ''),
(852, '14:30:00', '15:00:00', 78, ''),
(853, '14:30:00', '15:00:00', 78, ''),
(854, '15:00:00', '15:30:00', 78, ''),
(855, '15:00:00', '15:30:00', 78, ''),
(856, '09:00:00', '09:30:00', 79, ''),
(857, '09:00:00', '09:30:00', 79, ''),
(858, '09:30:00', '10:00:00', 79, ''),
(859, '09:30:00', '10:00:00', 79, ''),
(860, '10:00:00', '10:30:00', 79, ''),
(861, '10:00:00', '10:30:00', 79, ''),
(862, '10:30:00', '11:00:00', 79, ''),
(863, '10:30:00', '11:00:00', 79, ''),
(864, '11:00:00', '11:30:00', 79, ''),
(865, '11:00:00', '11:30:00', 79, ''),
(866, '11:30:00', '12:00:00', 79, ''),
(867, '11:30:00', '12:00:00', 79, ''),
(868, '12:00:00', '12:30:00', 79, ''),
(869, '12:00:00', '12:30:00', 79, ''),
(870, '12:30:00', '13:00:00', 79, ''),
(871, '12:30:00', '13:00:00', 79, ''),
(872, '13:00:00', '13:30:00', 79, ''),
(873, '13:00:00', '13:30:00', 79, ''),
(874, '13:30:00', '14:00:00', 79, ''),
(875, '13:30:00', '14:00:00', 79, ''),
(876, '14:00:00', '14:30:00', 79, ''),
(877, '14:00:00', '14:30:00', 79, ''),
(878, '13:00:00', '13:30:00', 77, ''),
(879, '13:00:00', '13:30:00', 77, ''),
(880, '13:30:00', '14:00:00', 77, ''),
(881, '13:30:00', '14:00:00', 77, ''),
(882, '14:00:00', '14:30:00', 77, ''),
(883, '14:00:00', '14:30:00', 77, ''),
(884, '14:30:00', '15:00:00', 77, ''),
(885, '14:30:00', '15:00:00', 77, ''),
(886, '15:00:00', '15:30:00', 77, ''),
(887, '15:00:00', '15:30:00', 77, ''),
(888, '15:30:00', '16:00:00', 77, ''),
(889, '15:30:00', '16:00:00', 77, ''),
(890, '16:00:00', '16:30:00', 77, ''),
(891, '16:00:00', '16:30:00', 77, ''),
(892, '16:30:00', '17:00:00', 77, ''),
(893, '16:30:00', '17:00:00', 77, ''),
(894, '17:00:00', '17:30:00', 77, ''),
(895, '17:00:00', '17:30:00', 77, ''),
(896, '09:00:00', '09:30:00', 78, ''),
(897, '09:00:00', '09:30:00', 78, ''),
(898, '09:30:00', '10:00:00', 78, ''),
(899, '09:30:00', '10:00:00', 78, ''),
(900, '10:00:00', '10:30:00', 78, ''),
(901, '10:00:00', '10:30:00', 78, ''),
(902, '10:30:00', '11:00:00', 78, ''),
(903, '10:30:00', '11:00:00', 78, ''),
(904, '11:00:00', '11:30:00', 78, ''),
(905, '11:00:00', '11:30:00', 78, ''),
(906, '11:30:00', '12:00:00', 78, ''),
(907, '11:30:00', '12:00:00', 78, ''),
(908, '12:00:00', '12:30:00', 78, ''),
(909, '12:00:00', '12:30:00', 78, ''),
(910, '12:30:00', '13:00:00', 78, ''),
(911, '12:30:00', '13:00:00', 78, ''),
(912, '13:00:00', '13:30:00', 78, ''),
(913, '13:00:00', '13:30:00', 78, ''),
(914, '13:30:00', '14:00:00', 78, ''),
(915, '13:30:00', '14:00:00', 78, ''),
(916, '14:00:00', '14:30:00', 78, ''),
(917, '14:00:00', '14:30:00', 78, ''),
(918, '14:30:00', '15:00:00', 78, ''),
(919, '14:30:00', '15:00:00', 78, ''),
(920, '15:00:00', '15:30:00', 78, ''),
(921, '15:00:00', '15:30:00', 78, ''),
(922, '09:00:00', '09:30:00', 79, ''),
(923, '09:00:00', '09:30:00', 79, ''),
(924, '09:30:00', '10:00:00', 79, ''),
(925, '09:30:00', '10:00:00', 79, ''),
(926, '10:00:00', '10:30:00', 79, ''),
(927, '10:00:00', '10:30:00', 79, ''),
(928, '10:30:00', '11:00:00', 79, ''),
(929, '10:30:00', '11:00:00', 79, ''),
(930, '11:00:00', '11:30:00', 79, ''),
(931, '11:00:00', '11:30:00', 79, ''),
(932, '11:30:00', '12:00:00', 79, ''),
(933, '11:30:00', '12:00:00', 79, ''),
(934, '12:00:00', '12:30:00', 79, ''),
(935, '12:00:00', '12:30:00', 79, ''),
(936, '12:30:00', '13:00:00', 79, ''),
(937, '12:30:00', '13:00:00', 79, ''),
(938, '13:00:00', '13:30:00', 79, ''),
(939, '13:00:00', '13:30:00', 79, ''),
(940, '13:30:00', '14:00:00', 79, ''),
(941, '13:30:00', '14:00:00', 79, ''),
(942, '14:00:00', '14:30:00', 79, ''),
(943, '14:00:00', '14:30:00', 79, ''),
(944, '13:00:00', '13:30:00', 77, ''),
(945, '13:00:00', '13:30:00', 77, ''),
(946, '13:30:00', '14:00:00', 77, ''),
(947, '13:30:00', '14:00:00', 77, ''),
(948, '14:00:00', '14:30:00', 77, ''),
(949, '14:00:00', '14:30:00', 77, ''),
(950, '14:30:00', '15:00:00', 77, ''),
(951, '14:30:00', '15:00:00', 77, ''),
(952, '15:00:00', '15:30:00', 77, ''),
(953, '15:00:00', '15:30:00', 77, ''),
(954, '15:30:00', '16:00:00', 77, ''),
(955, '15:30:00', '16:00:00', 77, ''),
(956, '16:00:00', '16:30:00', 77, ''),
(957, '16:00:00', '16:30:00', 77, ''),
(958, '16:30:00', '17:00:00', 77, ''),
(959, '16:30:00', '17:00:00', 77, ''),
(960, '17:00:00', '17:30:00', 77, ''),
(961, '17:00:00', '17:30:00', 77, ''),
(962, '09:00:00', '09:30:00', 78, ''),
(963, '09:00:00', '09:30:00', 78, ''),
(964, '09:30:00', '10:00:00', 78, ''),
(965, '09:30:00', '10:00:00', 78, ''),
(966, '10:00:00', '10:30:00', 78, ''),
(967, '10:00:00', '10:30:00', 78, ''),
(968, '10:30:00', '11:00:00', 78, ''),
(969, '10:30:00', '11:00:00', 78, ''),
(970, '11:00:00', '11:30:00', 78, ''),
(971, '11:00:00', '11:30:00', 78, ''),
(972, '11:30:00', '12:00:00', 78, ''),
(973, '11:30:00', '12:00:00', 78, ''),
(974, '12:00:00', '12:30:00', 78, ''),
(975, '12:00:00', '12:30:00', 78, ''),
(976, '12:30:00', '13:00:00', 78, ''),
(977, '12:30:00', '13:00:00', 78, ''),
(978, '13:00:00', '13:30:00', 78, ''),
(979, '13:00:00', '13:30:00', 78, ''),
(980, '13:30:00', '14:00:00', 78, ''),
(981, '13:30:00', '14:00:00', 78, ''),
(982, '14:00:00', '14:30:00', 78, ''),
(983, '14:00:00', '14:30:00', 78, ''),
(984, '14:30:00', '15:00:00', 78, ''),
(985, '14:30:00', '15:00:00', 78, ''),
(986, '15:00:00', '15:30:00', 78, ''),
(987, '15:00:00', '15:30:00', 78, ''),
(988, '09:00:00', '09:30:00', 79, ''),
(989, '09:00:00', '09:30:00', 79, ''),
(990, '09:30:00', '10:00:00', 79, ''),
(991, '09:30:00', '10:00:00', 79, ''),
(992, '10:00:00', '10:30:00', 79, ''),
(993, '10:00:00', '10:30:00', 79, ''),
(994, '10:30:00', '11:00:00', 79, ''),
(995, '10:30:00', '11:00:00', 79, ''),
(996, '11:00:00', '11:30:00', 79, ''),
(997, '11:00:00', '11:30:00', 79, ''),
(998, '11:30:00', '12:00:00', 79, ''),
(999, '11:30:00', '12:00:00', 79, ''),
(1000, '12:00:00', '12:30:00', 79, ''),
(1001, '12:00:00', '12:30:00', 79, ''),
(1002, '12:30:00', '13:00:00', 79, ''),
(1003, '12:30:00', '13:00:00', 79, ''),
(1004, '13:00:00', '13:30:00', 79, ''),
(1005, '13:00:00', '13:30:00', 79, ''),
(1006, '13:30:00', '14:00:00', 79, ''),
(1007, '13:30:00', '14:00:00', 79, ''),
(1008, '14:00:00', '14:30:00', 79, ''),
(1009, '14:00:00', '14:30:00', 79, ''),
(1010, '13:00:00', '13:30:00', 77, ''),
(1011, '13:00:00', '13:30:00', 77, ''),
(1012, '13:30:00', '14:00:00', 77, ''),
(1013, '13:30:00', '14:00:00', 77, ''),
(1014, '14:00:00', '14:30:00', 77, ''),
(1015, '14:00:00', '14:30:00', 77, ''),
(1016, '14:30:00', '15:00:00', 77, ''),
(1017, '14:30:00', '15:00:00', 77, ''),
(1018, '15:00:00', '15:30:00', 77, ''),
(1019, '15:00:00', '15:30:00', 77, ''),
(1020, '15:30:00', '16:00:00', 77, ''),
(1021, '15:30:00', '16:00:00', 77, ''),
(1022, '16:00:00', '16:30:00', 77, ''),
(1023, '16:00:00', '16:30:00', 77, ''),
(1024, '16:30:00', '17:00:00', 77, ''),
(1025, '16:30:00', '17:00:00', 77, ''),
(1026, '17:00:00', '17:30:00', 77, ''),
(1027, '17:00:00', '17:30:00', 77, ''),
(1028, '09:00:00', '09:30:00', 78, ''),
(1029, '09:00:00', '09:30:00', 78, ''),
(1030, '09:30:00', '10:00:00', 78, ''),
(1031, '09:30:00', '10:00:00', 78, ''),
(1032, '10:00:00', '10:30:00', 78, ''),
(1033, '10:00:00', '10:30:00', 78, ''),
(1034, '13:00:00', '13:30:00', 77, ''),
(1035, '13:00:00', '13:30:00', 77, ''),
(1036, '13:30:00', '14:00:00', 77, ''),
(1037, '13:30:00', '14:00:00', 77, ''),
(1038, '14:00:00', '14:30:00', 77, ''),
(1039, '14:00:00', '14:30:00', 77, ''),
(1040, '14:30:00', '15:00:00', 77, ''),
(1041, '14:30:00', '15:00:00', 77, ''),
(1042, '15:00:00', '15:30:00', 77, ''),
(1043, '15:00:00', '15:30:00', 77, ''),
(1044, '15:30:00', '16:00:00', 77, ''),
(1045, '15:30:00', '16:00:00', 77, ''),
(1046, '16:00:00', '16:30:00', 77, ''),
(1047, '16:00:00', '16:30:00', 77, ''),
(1048, '16:30:00', '17:00:00', 77, ''),
(1049, '16:30:00', '17:00:00', 77, ''),
(1050, '17:00:00', '17:30:00', 77, ''),
(1051, '17:00:00', '17:30:00', 77, ''),
(1052, '09:00:00', '09:30:00', 78, ''),
(1053, '09:00:00', '09:30:00', 78, ''),
(1054, '09:30:00', '10:00:00', 78, ''),
(1055, '09:30:00', '10:00:00', 78, ''),
(1056, '10:00:00', '10:30:00', 78, ''),
(1057, '10:00:00', '10:30:00', 78, ''),
(1058, '13:00:00', '13:30:00', 77, ''),
(1059, '13:00:00', '13:30:00', 77, ''),
(1060, '13:30:00', '14:00:00', 77, ''),
(1061, '13:30:00', '14:00:00', 77, ''),
(1062, '14:00:00', '14:30:00', 77, ''),
(1063, '14:00:00', '14:30:00', 77, ''),
(1064, '14:30:00', '15:00:00', 77, ''),
(1065, '14:30:00', '15:00:00', 77, ''),
(1066, '15:00:00', '15:30:00', 77, ''),
(1067, '15:00:00', '15:30:00', 77, ''),
(1068, '15:30:00', '16:00:00', 77, ''),
(1069, '15:30:00', '16:00:00', 77, ''),
(1070, '16:00:00', '16:30:00', 77, ''),
(1071, '16:00:00', '16:30:00', 77, ''),
(1072, '16:30:00', '17:00:00', 77, ''),
(1073, '16:30:00', '17:00:00', 77, ''),
(1074, '17:00:00', '17:30:00', 77, ''),
(1075, '17:00:00', '17:30:00', 77, ''),
(1076, '09:00:00', '09:30:00', 78, ''),
(1077, '09:00:00', '09:30:00', 78, ''),
(1078, '09:30:00', '10:00:00', 78, ''),
(1079, '09:30:00', '10:00:00', 78, ''),
(1080, '10:00:00', '10:30:00', 78, ''),
(1081, '10:00:00', '10:30:00', 78, ''),
(1082, '10:30:00', '11:00:00', 78, ''),
(1083, '10:30:00', '11:00:00', 78, ''),
(1084, '11:00:00', '11:30:00', 78, ''),
(1085, '11:00:00', '11:30:00', 78, ''),
(1086, '11:30:00', '12:00:00', 78, ''),
(1087, '11:30:00', '12:00:00', 78, ''),
(1088, '12:00:00', '12:30:00', 78, ''),
(1089, '12:00:00', '12:30:00', 78, ''),
(1090, '12:30:00', '13:00:00', 78, ''),
(1091, '12:30:00', '13:00:00', 78, ''),
(1092, '13:00:00', '13:30:00', 78, ''),
(1093, '13:00:00', '13:30:00', 78, ''),
(1094, '13:30:00', '14:00:00', 78, ''),
(1095, '13:30:00', '14:00:00', 78, ''),
(1096, '14:00:00', '14:30:00', 78, ''),
(1097, '14:00:00', '14:30:00', 78, ''),
(1098, '14:30:00', '15:00:00', 78, ''),
(1099, '14:30:00', '15:00:00', 78, ''),
(1100, '15:00:00', '15:30:00', 78, ''),
(1101, '15:00:00', '15:30:00', 78, ''),
(1102, '09:00:00', '09:30:00', 79, ''),
(1103, '09:00:00', '09:30:00', 79, ''),
(1104, '09:30:00', '10:00:00', 79, ''),
(1105, '09:30:00', '10:00:00', 79, ''),
(1106, '10:00:00', '10:30:00', 79, ''),
(1107, '10:00:00', '10:30:00', 79, ''),
(1108, '10:30:00', '11:00:00', 79, ''),
(1109, '10:30:00', '11:00:00', 79, ''),
(1110, '11:00:00', '11:30:00', 79, ''),
(1111, '11:00:00', '11:30:00', 79, ''),
(1112, '11:30:00', '12:00:00', 79, ''),
(1113, '11:30:00', '12:00:00', 79, ''),
(1114, '12:00:00', '12:30:00', 79, ''),
(1115, '12:00:00', '12:30:00', 79, ''),
(1116, '12:30:00', '13:00:00', 79, ''),
(1117, '12:30:00', '13:00:00', 79, ''),
(1118, '13:00:00', '13:30:00', 79, ''),
(1119, '13:00:00', '13:30:00', 79, ''),
(1120, '13:30:00', '14:00:00', 79, ''),
(1121, '13:30:00', '14:00:00', 79, ''),
(1122, '14:00:00', '14:30:00', 79, ''),
(1123, '14:00:00', '14:30:00', 79, ''),
(1124, '13:00:00', '13:30:00', 77, ''),
(1125, '13:00:00', '13:30:00', 77, ''),
(1126, '13:30:00', '14:00:00', 77, ''),
(1127, '13:30:00', '14:00:00', 77, ''),
(1128, '14:00:00', '14:30:00', 77, ''),
(1129, '14:00:00', '14:30:00', 77, ''),
(1130, '14:30:00', '15:00:00', 77, ''),
(1131, '14:30:00', '15:00:00', 77, ''),
(1132, '15:00:00', '15:30:00', 77, ''),
(1133, '15:00:00', '15:30:00', 77, ''),
(1134, '15:30:00', '16:00:00', 77, ''),
(1135, '15:30:00', '16:00:00', 77, ''),
(1136, '16:00:00', '16:30:00', 77, ''),
(1137, '16:00:00', '16:30:00', 77, ''),
(1138, '16:30:00', '17:00:00', 77, ''),
(1139, '16:30:00', '17:00:00', 77, ''),
(1140, '17:00:00', '17:30:00', 77, ''),
(1141, '17:00:00', '17:30:00', 77, ''),
(1142, '09:00:00', '09:30:00', 78, ''),
(1143, '09:00:00', '09:30:00', 78, ''),
(1144, '09:30:00', '10:00:00', 78, ''),
(1145, '09:30:00', '10:00:00', 78, ''),
(1146, '10:00:00', '10:30:00', 78, ''),
(1147, '10:00:00', '10:30:00', 78, ''),
(1148, '10:30:00', '11:00:00', 78, ''),
(1149, '10:30:00', '11:00:00', 78, ''),
(1150, '11:00:00', '11:30:00', 78, ''),
(1151, '11:00:00', '11:30:00', 78, ''),
(1152, '11:30:00', '12:00:00', 78, ''),
(1153, '11:30:00', '12:00:00', 78, ''),
(1154, '12:00:00', '12:30:00', 78, ''),
(1155, '12:00:00', '12:30:00', 78, ''),
(1156, '12:30:00', '13:00:00', 78, ''),
(1157, '12:30:00', '13:00:00', 78, ''),
(1158, '13:00:00', '13:30:00', 78, ''),
(1159, '13:00:00', '13:30:00', 78, ''),
(1160, '13:30:00', '14:00:00', 78, ''),
(1161, '13:30:00', '14:00:00', 78, ''),
(1162, '14:00:00', '14:30:00', 78, ''),
(1163, '14:00:00', '14:30:00', 78, ''),
(1164, '14:30:00', '15:00:00', 78, ''),
(1165, '14:30:00', '15:00:00', 78, ''),
(1166, '15:00:00', '15:30:00', 78, ''),
(1167, '15:00:00', '15:30:00', 78, ''),
(1168, '09:00:00', '09:30:00', 79, ''),
(1169, '09:00:00', '09:30:00', 79, ''),
(1170, '09:30:00', '10:00:00', 79, ''),
(1171, '09:30:00', '10:00:00', 79, ''),
(1172, '10:00:00', '10:30:00', 79, ''),
(1173, '10:00:00', '10:30:00', 79, ''),
(1174, '10:30:00', '11:00:00', 79, ''),
(1175, '10:30:00', '11:00:00', 79, ''),
(1176, '11:00:00', '11:30:00', 79, ''),
(1177, '11:00:00', '11:30:00', 79, ''),
(1178, '11:30:00', '12:00:00', 79, ''),
(1179, '11:30:00', '12:00:00', 79, ''),
(1180, '12:00:00', '12:30:00', 79, ''),
(1181, '12:00:00', '12:30:00', 79, ''),
(1182, '12:30:00', '13:00:00', 79, ''),
(1183, '12:30:00', '13:00:00', 79, ''),
(1184, '13:00:00', '13:30:00', 79, ''),
(1185, '13:00:00', '13:30:00', 79, ''),
(1186, '13:30:00', '14:00:00', 79, ''),
(1187, '13:30:00', '14:00:00', 79, ''),
(1188, '14:00:00', '14:30:00', 79, ''),
(1189, '14:00:00', '14:30:00', 79, ''),
(1190, '13:00:00', '13:30:00', 77, ''),
(1191, '13:00:00', '13:30:00', 77, ''),
(1192, '13:30:00', '14:00:00', 77, ''),
(1193, '13:30:00', '14:00:00', 77, ''),
(1194, '14:00:00', '14:30:00', 77, ''),
(1195, '14:00:00', '14:30:00', 77, ''),
(1196, '14:30:00', '15:00:00', 77, ''),
(1197, '14:30:00', '15:00:00', 77, ''),
(1198, '15:00:00', '15:30:00', 77, ''),
(1199, '15:00:00', '15:30:00', 77, ''),
(1200, '15:30:00', '16:00:00', 77, ''),
(1201, '15:30:00', '16:00:00', 77, ''),
(1202, '16:00:00', '16:30:00', 77, ''),
(1203, '16:00:00', '16:30:00', 77, ''),
(1204, '16:30:00', '17:00:00', 77, ''),
(1205, '16:30:00', '17:00:00', 77, ''),
(1206, '17:00:00', '17:30:00', 77, ''),
(1207, '17:00:00', '17:30:00', 77, ''),
(1208, '09:00:00', '09:30:00', 78, ''),
(1209, '09:00:00', '09:30:00', 78, ''),
(1210, '09:30:00', '10:00:00', 78, ''),
(1211, '09:30:00', '10:00:00', 78, ''),
(1212, '10:00:00', '10:30:00', 78, ''),
(1213, '10:00:00', '10:30:00', 78, ''),
(1214, '10:30:00', '11:00:00', 78, ''),
(1215, '10:30:00', '11:00:00', 78, ''),
(1216, '11:00:00', '11:30:00', 78, ''),
(1217, '11:00:00', '11:30:00', 78, ''),
(1218, '11:30:00', '12:00:00', 78, ''),
(1219, '11:30:00', '12:00:00', 78, ''),
(1220, '12:00:00', '12:30:00', 78, ''),
(1221, '12:00:00', '12:30:00', 78, ''),
(1222, '12:30:00', '13:00:00', 78, ''),
(1223, '12:30:00', '13:00:00', 78, ''),
(1224, '13:00:00', '13:30:00', 78, ''),
(1225, '13:00:00', '13:30:00', 78, ''),
(1226, '13:30:00', '14:00:00', 78, ''),
(1227, '13:30:00', '14:00:00', 78, ''),
(1228, '14:00:00', '14:30:00', 78, ''),
(1229, '14:00:00', '14:30:00', 78, ''),
(1230, '14:30:00', '15:00:00', 78, ''),
(1231, '14:30:00', '15:00:00', 78, ''),
(1232, '15:00:00', '15:30:00', 78, ''),
(1233, '15:00:00', '15:30:00', 78, ''),
(1234, '09:00:00', '09:30:00', 79, ''),
(1235, '09:00:00', '09:30:00', 79, ''),
(1236, '09:30:00', '10:00:00', 79, ''),
(1237, '09:30:00', '10:00:00', 79, ''),
(1238, '10:00:00', '10:30:00', 79, ''),
(1239, '10:00:00', '10:30:00', 79, ''),
(1240, '10:30:00', '11:00:00', 79, ''),
(1241, '10:30:00', '11:00:00', 79, ''),
(1242, '11:00:00', '11:30:00', 79, ''),
(1243, '11:00:00', '11:30:00', 79, ''),
(1244, '11:30:00', '12:00:00', 79, ''),
(1245, '11:30:00', '12:00:00', 79, ''),
(1246, '12:00:00', '12:30:00', 79, ''),
(1247, '12:00:00', '12:30:00', 79, ''),
(1248, '12:30:00', '13:00:00', 79, ''),
(1249, '12:30:00', '13:00:00', 79, ''),
(1250, '13:00:00', '13:30:00', 79, ''),
(1251, '13:00:00', '13:30:00', 79, ''),
(1252, '13:30:00', '14:00:00', 79, ''),
(1253, '13:30:00', '14:00:00', 79, ''),
(1254, '14:00:00', '14:30:00', 79, ''),
(1255, '14:00:00', '14:30:00', 79, ''),
(1256, '13:00:00', '13:30:00', 77, ''),
(1257, '13:00:00', '13:30:00', 77, ''),
(1258, '13:30:00', '14:00:00', 77, ''),
(1259, '13:30:00', '14:00:00', 77, ''),
(1260, '14:00:00', '14:30:00', 77, ''),
(1261, '14:00:00', '14:30:00', 77, ''),
(1262, '14:30:00', '15:00:00', 77, ''),
(1263, '14:30:00', '15:00:00', 77, ''),
(1264, '15:00:00', '15:30:00', 77, ''),
(1265, '15:00:00', '15:30:00', 77, ''),
(1266, '15:30:00', '16:00:00', 77, ''),
(1267, '15:30:00', '16:00:00', 77, ''),
(1268, '16:00:00', '16:30:00', 77, ''),
(1269, '16:00:00', '16:30:00', 77, ''),
(1270, '16:30:00', '17:00:00', 77, ''),
(1271, '16:30:00', '17:00:00', 77, ''),
(1272, '17:00:00', '17:30:00', 77, ''),
(1273, '17:00:00', '17:30:00', 77, ''),
(1274, '09:00:00', '09:30:00', 78, ''),
(1275, '09:00:00', '09:30:00', 78, ''),
(1276, '09:30:00', '10:00:00', 78, ''),
(1277, '09:30:00', '10:00:00', 78, ''),
(1278, '10:00:00', '10:30:00', 78, ''),
(1279, '10:00:00', '10:30:00', 78, ''),
(1280, '10:30:00', '11:00:00', 78, ''),
(1281, '10:30:00', '11:00:00', 78, ''),
(1282, '11:00:00', '11:30:00', 78, ''),
(1283, '11:00:00', '11:30:00', 78, ''),
(1284, '11:30:00', '12:00:00', 78, ''),
(1285, '11:30:00', '12:00:00', 78, ''),
(1286, '12:00:00', '12:30:00', 78, ''),
(1287, '12:00:00', '12:30:00', 78, ''),
(1288, '12:30:00', '13:00:00', 78, ''),
(1289, '12:30:00', '13:00:00', 78, ''),
(1290, '13:00:00', '13:30:00', 78, ''),
(1291, '13:00:00', '13:30:00', 78, ''),
(1292, '13:30:00', '14:00:00', 78, ''),
(1293, '13:30:00', '14:00:00', 78, ''),
(1294, '14:00:00', '14:30:00', 78, ''),
(1295, '14:00:00', '14:30:00', 78, ''),
(1296, '14:30:00', '15:00:00', 78, ''),
(1297, '14:30:00', '15:00:00', 78, ''),
(1298, '15:00:00', '15:30:00', 78, ''),
(1299, '15:00:00', '15:30:00', 78, ''),
(1300, '09:00:00', '09:30:00', 79, ''),
(1301, '09:00:00', '09:30:00', 79, ''),
(1302, '09:30:00', '10:00:00', 79, ''),
(1303, '09:30:00', '10:00:00', 79, ''),
(1304, '10:00:00', '10:30:00', 79, ''),
(1305, '10:00:00', '10:30:00', 79, ''),
(1306, '10:30:00', '11:00:00', 79, ''),
(1307, '10:30:00', '11:00:00', 79, ''),
(1308, '11:00:00', '11:30:00', 79, ''),
(1309, '11:00:00', '11:30:00', 79, ''),
(1310, '11:30:00', '12:00:00', 79, ''),
(1311, '11:30:00', '12:00:00', 79, ''),
(1312, '12:00:00', '12:30:00', 79, ''),
(1313, '12:00:00', '12:30:00', 79, ''),
(1314, '12:30:00', '13:00:00', 79, ''),
(1315, '12:30:00', '13:00:00', 79, ''),
(1316, '13:00:00', '13:30:00', 79, ''),
(1317, '13:00:00', '13:30:00', 79, ''),
(1318, '13:30:00', '14:00:00', 79, ''),
(1319, '13:30:00', '14:00:00', 79, ''),
(1320, '14:00:00', '14:30:00', 79, ''),
(1321, '14:00:00', '14:30:00', 79, ''),
(1322, '13:00:00', '13:30:00', 77, ''),
(1323, '13:00:00', '13:30:00', 77, ''),
(1324, '13:30:00', '14:00:00', 77, ''),
(1325, '13:30:00', '14:00:00', 77, ''),
(1326, '14:00:00', '14:30:00', 77, ''),
(1327, '14:00:00', '14:30:00', 77, ''),
(1328, '14:30:00', '15:00:00', 77, ''),
(1329, '14:30:00', '15:00:00', 77, ''),
(1330, '15:00:00', '15:30:00', 77, ''),
(1331, '15:00:00', '15:30:00', 77, ''),
(1332, '15:30:00', '16:00:00', 77, ''),
(1333, '15:30:00', '16:00:00', 77, ''),
(1334, '16:00:00', '16:30:00', 77, ''),
(1335, '16:00:00', '16:30:00', 77, ''),
(1336, '16:30:00', '17:00:00', 77, ''),
(1337, '16:30:00', '17:00:00', 77, ''),
(1338, '17:00:00', '17:30:00', 77, ''),
(1339, '17:00:00', '17:30:00', 77, ''),
(1340, '09:00:00', '09:30:00', 78, ''),
(1341, '09:00:00', '09:30:00', 78, ''),
(1342, '09:30:00', '10:00:00', 78, ''),
(1343, '09:30:00', '10:00:00', 78, ''),
(1344, '10:00:00', '10:30:00', 78, ''),
(1345, '10:00:00', '10:30:00', 78, ''),
(1346, '10:30:00', '11:00:00', 78, ''),
(1347, '10:30:00', '11:00:00', 78, ''),
(1348, '11:00:00', '11:30:00', 78, ''),
(1349, '11:00:00', '11:30:00', 78, ''),
(1350, '11:30:00', '12:00:00', 78, ''),
(1351, '11:30:00', '12:00:00', 78, ''),
(1352, '12:00:00', '12:30:00', 78, ''),
(1353, '12:00:00', '12:30:00', 78, ''),
(1354, '12:30:00', '13:00:00', 78, ''),
(1355, '12:30:00', '13:00:00', 78, ''),
(1356, '13:00:00', '13:30:00', 78, ''),
(1357, '13:00:00', '13:30:00', 78, ''),
(1358, '13:30:00', '14:00:00', 78, ''),
(1359, '13:30:00', '14:00:00', 78, ''),
(1360, '14:00:00', '14:30:00', 78, ''),
(1361, '14:00:00', '14:30:00', 78, ''),
(1362, '14:30:00', '15:00:00', 78, ''),
(1363, '14:30:00', '15:00:00', 78, ''),
(1364, '15:00:00', '15:30:00', 78, ''),
(1365, '15:00:00', '15:30:00', 78, ''),
(1366, '09:00:00', '09:30:00', 79, ''),
(1367, '09:00:00', '09:30:00', 79, ''),
(1368, '09:30:00', '10:00:00', 79, ''),
(1369, '09:30:00', '10:00:00', 79, ''),
(1370, '10:00:00', '10:30:00', 79, ''),
(1371, '10:00:00', '10:30:00', 79, ''),
(1372, '10:30:00', '11:00:00', 79, ''),
(1373, '10:30:00', '11:00:00', 79, ''),
(1374, '11:00:00', '11:30:00', 79, ''),
(1375, '11:00:00', '11:30:00', 79, ''),
(1376, '11:30:00', '12:00:00', 79, ''),
(1377, '11:30:00', '12:00:00', 79, ''),
(1378, '12:00:00', '12:30:00', 79, ''),
(1379, '12:00:00', '12:30:00', 79, ''),
(1380, '12:30:00', '13:00:00', 79, ''),
(1381, '12:30:00', '13:00:00', 79, ''),
(1382, '13:00:00', '13:30:00', 79, ''),
(1383, '13:00:00', '13:30:00', 79, ''),
(1384, '13:30:00', '14:00:00', 79, ''),
(1385, '13:30:00', '14:00:00', 79, ''),
(1386, '14:00:00', '14:30:00', 79, ''),
(1387, '14:00:00', '14:30:00', 79, ''),
(1388, '13:00:00', '13:30:00', 77, ''),
(1389, '13:00:00', '13:30:00', 77, ''),
(1390, '13:30:00', '14:00:00', 77, ''),
(1391, '13:30:00', '14:00:00', 77, ''),
(1392, '14:00:00', '14:30:00', 77, ''),
(1393, '14:00:00', '14:30:00', 77, ''),
(1394, '14:30:00', '15:00:00', 77, ''),
(1395, '14:30:00', '15:00:00', 77, ''),
(1396, '15:00:00', '15:30:00', 77, ''),
(1397, '15:00:00', '15:30:00', 77, ''),
(1398, '15:30:00', '16:00:00', 77, ''),
(1399, '15:30:00', '16:00:00', 77, ''),
(1400, '16:00:00', '16:30:00', 77, ''),
(1401, '16:00:00', '16:30:00', 77, ''),
(1402, '16:30:00', '17:00:00', 77, ''),
(1403, '16:30:00', '17:00:00', 77, ''),
(1404, '17:00:00', '17:30:00', 77, ''),
(1405, '17:00:00', '17:30:00', 77, ''),
(1406, '09:00:00', '09:30:00', 78, ''),
(1407, '09:00:00', '09:30:00', 78, ''),
(1408, '09:30:00', '10:00:00', 78, ''),
(1409, '09:30:00', '10:00:00', 78, ''),
(1410, '10:00:00', '10:30:00', 78, ''),
(1411, '10:00:00', '10:30:00', 78, ''),
(1412, '10:30:00', '11:00:00', 78, ''),
(1413, '10:30:00', '11:00:00', 78, ''),
(1414, '11:00:00', '11:30:00', 78, ''),
(1415, '11:00:00', '11:30:00', 78, ''),
(1416, '11:30:00', '12:00:00', 78, ''),
(1417, '11:30:00', '12:00:00', 78, ''),
(1418, '12:00:00', '12:30:00', 78, ''),
(1419, '12:00:00', '12:30:00', 78, ''),
(1420, '12:30:00', '13:00:00', 78, ''),
(1421, '12:30:00', '13:00:00', 78, ''),
(1422, '13:00:00', '13:30:00', 78, ''),
(1423, '13:00:00', '13:30:00', 78, ''),
(1424, '13:30:00', '14:00:00', 78, ''),
(1425, '13:30:00', '14:00:00', 78, ''),
(1426, '14:00:00', '14:30:00', 78, ''),
(1427, '14:00:00', '14:30:00', 78, ''),
(1428, '14:30:00', '15:00:00', 78, ''),
(1429, '14:30:00', '15:00:00', 78, ''),
(1430, '15:00:00', '15:30:00', 78, ''),
(1431, '15:00:00', '15:30:00', 78, ''),
(1432, '09:00:00', '09:30:00', 79, ''),
(1433, '09:00:00', '09:30:00', 79, ''),
(1434, '13:00:00', '13:30:00', 77, ''),
(1435, '13:00:00', '13:30:00', 77, ''),
(1436, '13:30:00', '14:00:00', 77, ''),
(1437, '13:30:00', '14:00:00', 77, ''),
(1438, '14:00:00', '14:30:00', 77, ''),
(1439, '14:00:00', '14:30:00', 77, ''),
(1440, '14:30:00', '15:00:00', 77, ''),
(1441, '14:30:00', '15:00:00', 77, ''),
(1442, '15:00:00', '15:30:00', 77, ''),
(1443, '15:00:00', '15:30:00', 77, ''),
(1444, '15:30:00', '16:00:00', 77, ''),
(1445, '15:30:00', '16:00:00', 77, ''),
(1446, '16:00:00', '16:30:00', 77, ''),
(1447, '16:00:00', '16:30:00', 77, ''),
(1448, '16:30:00', '17:00:00', 77, ''),
(1449, '16:30:00', '17:00:00', 77, ''),
(1450, '17:00:00', '17:30:00', 77, ''),
(1451, '17:00:00', '17:30:00', 77, ''),
(1452, '09:00:00', '09:30:00', 78, ''),
(1453, '09:00:00', '09:30:00', 78, ''),
(1454, '09:30:00', '10:00:00', 78, ''),
(1455, '09:30:00', '10:00:00', 78, ''),
(1456, '10:00:00', '10:30:00', 78, ''),
(1457, '10:00:00', '10:30:00', 78, ''),
(1458, '10:30:00', '11:00:00', 78, ''),
(1459, '10:30:00', '11:00:00', 78, ''),
(1460, '11:00:00', '11:30:00', 78, ''),
(1461, '11:00:00', '11:30:00', 78, ''),
(1462, '11:30:00', '12:00:00', 78, ''),
(1463, '11:30:00', '12:00:00', 78, ''),
(1464, '12:00:00', '12:30:00', 78, ''),
(1465, '12:00:00', '12:30:00', 78, ''),
(1466, '12:30:00', '13:00:00', 78, ''),
(1467, '12:30:00', '13:00:00', 78, ''),
(1468, '13:00:00', '13:30:00', 78, ''),
(1469, '13:00:00', '13:30:00', 78, ''),
(1470, '13:30:00', '14:00:00', 78, ''),
(1471, '13:30:00', '14:00:00', 78, ''),
(1472, '14:00:00', '14:30:00', 78, ''),
(1473, '14:00:00', '14:30:00', 78, ''),
(1474, '14:30:00', '15:00:00', 78, ''),
(1475, '14:30:00', '15:00:00', 78, ''),
(1476, '15:00:00', '15:30:00', 78, ''),
(1477, '15:00:00', '15:30:00', 78, ''),
(1478, '09:00:00', '09:30:00', 79, ''),
(1479, '09:00:00', '09:30:00', 79, ''),
(1480, '09:30:00', '10:00:00', 79, ''),
(1481, '09:30:00', '10:00:00', 79, ''),
(1482, '10:00:00', '10:30:00', 79, ''),
(1483, '10:00:00', '10:30:00', 79, ''),
(1484, '10:30:00', '11:00:00', 79, ''),
(1485, '10:30:00', '11:00:00', 79, ''),
(1486, '11:00:00', '11:30:00', 79, ''),
(1487, '11:00:00', '11:30:00', 79, ''),
(1488, '11:30:00', '12:00:00', 79, ''),
(1489, '11:30:00', '12:00:00', 79, ''),
(1490, '12:00:00', '12:30:00', 79, ''),
(1491, '12:00:00', '12:30:00', 79, ''),
(1492, '12:30:00', '13:00:00', 79, ''),
(1493, '12:30:00', '13:00:00', 79, ''),
(1494, '13:00:00', '13:30:00', 79, ''),
(1495, '13:00:00', '13:30:00', 79, ''),
(1496, '13:30:00', '14:00:00', 79, ''),
(1497, '13:30:00', '14:00:00', 79, ''),
(1498, '14:00:00', '14:30:00', 79, ''),
(1499, '14:00:00', '14:30:00', 79, ''),
(1500, '13:00:00', '23:30:00', 77, ''),
(1501, '13:00:00', '13:30:00', 77, ''),
(1502, '13:30:00', '14:00:00', 77, ''),
(1503, '13:30:00', '14:00:00', 77, ''),
(1504, '14:00:00', '14:30:00', 77, ''),
(1505, '14:00:00', '14:30:00', 77, ''),
(1506, '14:30:00', '15:00:00', 77, ''),
(1507, '14:30:00', '15:00:00', 77, ''),
(1508, '15:00:00', '15:30:00', 77, ''),
(1509, '15:00:00', '15:30:00', 77, ''),
(1510, '15:30:00', '16:00:00', 77, ''),
(1511, '15:30:00', '16:00:00', 77, ''),
(1512, '16:00:00', '16:30:00', 77, ''),
(1513, '16:00:00', '16:30:00', 77, ''),
(1514, '16:30:00', '17:00:00', 77, ''),
(1515, '16:30:00', '17:00:00', 77, ''),
(1516, '17:00:00', '17:30:00', 77, ''),
(1517, '17:00:00', '17:30:00', 77, ''),
(1518, '09:00:00', '09:30:00', 78, ''),
(1519, '09:00:00', '09:30:00', 78, ''),
(1520, '09:30:00', '10:00:00', 78, ''),
(1521, '09:30:00', '10:00:00', 78, ''),
(1522, '10:00:00', '10:30:00', 78, ''),
(1523, '10:00:00', '10:30:00', 78, ''),
(1524, '10:30:00', '11:00:00', 78, ''),
(1525, '10:30:00', '11:00:00', 78, ''),
(1526, '11:00:00', '11:30:00', 78, ''),
(1527, '11:00:00', '11:30:00', 78, ''),
(1528, '11:30:00', '12:00:00', 78, ''),
(1529, '11:30:00', '12:00:00', 78, ''),
(1530, '12:00:00', '12:30:00', 78, ''),
(1531, '12:00:00', '12:30:00', 78, ''),
(1532, '12:30:00', '13:00:00', 78, ''),
(1533, '12:30:00', '13:00:00', 78, ''),
(1534, '13:00:00', '13:30:00', 78, ''),
(1535, '13:00:00', '13:30:00', 78, ''),
(1536, '13:30:00', '14:00:00', 78, ''),
(1537, '13:30:00', '14:00:00', 78, ''),
(1538, '14:00:00', '14:30:00', 78, ''),
(1539, '14:00:00', '14:30:00', 78, ''),
(1540, '14:30:00', '15:00:00', 78, ''),
(1541, '14:30:00', '15:00:00', 78, ''),
(1542, '15:00:00', '15:30:00', 78, ''),
(1543, '15:00:00', '15:30:00', 78, ''),
(1544, '09:00:00', '09:30:00', 79, ''),
(1545, '09:00:00', '09:30:00', 79, ''),
(1546, '09:30:00', '10:00:00', 79, ''),
(1547, '09:30:00', '10:00:00', 79, ''),
(1548, '10:00:00', '10:30:00', 79, ''),
(1549, '10:00:00', '10:30:00', 79, ''),
(1550, '10:30:00', '11:00:00', 79, ''),
(1551, '10:30:00', '11:00:00', 79, ''),
(1552, '11:00:00', '11:30:00', 79, ''),
(1553, '11:00:00', '11:30:00', 79, ''),
(1554, '11:30:00', '12:00:00', 79, ''),
(1555, '11:30:00', '12:00:00', 79, ''),
(1556, '12:00:00', '12:30:00', 79, ''),
(1557, '12:00:00', '12:30:00', 79, ''),
(1558, '12:30:00', '13:00:00', 79, ''),
(1559, '12:30:00', '13:00:00', 79, ''),
(1560, '13:00:00', '13:30:00', 79, ''),
(1561, '13:00:00', '13:30:00', 79, ''),
(1562, '13:30:00', '14:00:00', 79, ''),
(1563, '13:30:00', '14:00:00', 79, ''),
(1564, '14:00:00', '14:30:00', 79, ''),
(1565, '14:00:00', '14:30:00', 79, '');

-- --------------------------------------------------------

--
-- Table structure for table `news`
--

CREATE TABLE IF NOT EXISTS `news` (
`id` int(11) NOT NULL,
  `title` text COLLATE utf8_czech_ci NOT NULL,
  `content` text COLLATE utf8_czech_ci NOT NULL,
  `updated` timestamp NOT NULL DEFAULT CURRENT_TIMESTAMP,
  `added` datetime NOT NULL
) ENGINE=InnoDB AUTO_INCREMENT=12 DEFAULT CHARSET=utf8 COLLATE=utf8_czech_ci;

--
-- Dumping data for table `news`
--

INSERT INTO `news` (`id`, `title`, `content`, `updated`, `added`) VALUES
(1, 'Aktualizace po sobotě', 'Oficiální sobotní výsledky můžete najít aktualizované v sekci Tabulky. Také byly přidány fotky za dnešní den. Na prvních místech přenocují celky Tatranu Litovel a Velké Bystřice. Nedělní den bude ve znamení dohrávky turnaje a slavnostního vyhlášení, které se bude konat v 15:00 na hale. Těšíme se na vás!', '2015-03-10 20:14:05', '2015-03-10 21:14:05'),
(2, 'MINICUP 2014 slavnostně ukončen', 'Před malou chvílí byl slavnostně ukončen mezinárodní turnaj miniházené MINICUP 2014 v Litovli! Kategorii mladší miniházené ovládl domácí Tatran Litovel, ve starších o vzájemný zápas vyhrála Velká Bystřice! Gratulujeme, fotky z dnešního dne pro vás připravujeme a k večeru budou v kategorii Fotogalerie.', '2015-03-10 20:14:05', '2015-03-10 21:14:05'),
(5, 'Novinka', '"odkaz":[Team:default]', '2015-03-26 22:09:53', '2015-03-26 23:09:53'),
(6, 'Testovaí odkazová novinka', 'Dlouhý, sakra dlouhý text, ale najednou přichází "odkaz na super věc":[Homepage:informations]', '2015-03-26 22:14:00', '2015-03-26 23:14:00'),
(9, 'Nadpiseček', '**věc co je tučně** věc co není', '2015-03-26 22:16:05', '2015-03-26 23:16:05'),
(10, 'Seznam', '- seznam\n- nějakých kravin\n- a další', '2015-03-26 22:16:42', '2015-03-26 23:16:42'),
(11, 'Tak tohle je fakt husté', '... ->', '2015-03-26 22:17:36', '2015-03-26 23:17:36');

-- --------------------------------------------------------

--
-- Table structure for table `online_report`
--

CREATE TABLE IF NOT EXISTS `online_report` (
`id` int(11) NOT NULL,
  `match_id` int(11) NOT NULL,
  `message` text COLLATE utf8_czech_ci NOT NULL,
  `type` char(20) COLLATE utf8_czech_ci NOT NULL,
  `updated` timestamp NOT NULL DEFAULT CURRENT_TIMESTAMP ON UPDATE CURRENT_TIMESTAMP,
  `added` datetime NOT NULL,
  `author` int(11) NOT NULL
) ENGINE=InnoDB DEFAULT CHARSET=utf8 COLLATE=utf8_czech_ci;

-- --------------------------------------------------------

--
-- Table structure for table `photo`
--

CREATE TABLE IF NOT EXISTS `photo` (
`id` int(11) NOT NULL,
  `filename` text COLLATE utf8_czech_ci NOT NULL,
  `added` datetime NOT NULL,
  `active` tinyint(4) NOT NULL DEFAULT '0'
) ENGINE=InnoDB AUTO_INCREMENT=39 DEFAULT CHARSET=utf8 COLLATE=utf8_czech_ci;

--
-- Dumping data for table `photo`
--

INSERT INTO `photo` (`id`, `filename`, `added`, `active`) VALUES
(23, '989febf6d4.jpg', '2015-04-03 20:24:51', 1),
(24, 'f3236d5360.jpg', '2015-04-03 20:24:51', 1),
(25, 'b141d2e42e.jpg', '2015-04-03 20:24:51', 1),
(26, '88d0b0bbfa.jpg', '2015-04-03 20:24:51', 1),
(27, '12e1c2f489.jpg', '2015-04-03 20:24:52', 1),
(28, '31975cc3fd.jpg', '2015-04-03 20:25:17', 1),
(29, '947cda30a3.jpg', '2015-04-03 20:25:17', 1),
(30, 'b4be13bca4.jpg', '2015-04-03 20:25:28', 1),
(31, '176fb34a50.jpg', '2015-04-03 20:25:28', 1),
(32, '71f2c6c88b.jpg', '2015-04-03 20:25:28', 1),
(33, 'e722d5a792.jpg', '2015-04-03 20:25:28', 1),
(34, '27436f21de.jpg', '2015-04-05 23:25:18', 1),
(35, '9ad85f7c0d.jpg', '2015-04-05 23:25:18', 1),
(36, '72e18ddc84.jpg', '2015-04-05 23:25:19', 1),
(37, 'fdabe88867.jpg', '2015-04-05 23:25:20', 1),
(38, 'fbc425cfd2.jpg', '2015-04-05 23:25:20', 1);

-- --------------------------------------------------------

--
-- Table structure for table `photo_tag`
--

CREATE TABLE IF NOT EXISTS `photo_tag` (
  `photo_id` int(11) NOT NULL,
  `tag_id` int(11) NOT NULL
) ENGINE=InnoDB DEFAULT CHARSET=utf8 COLLATE=utf8_czech_ci;

--
-- Dumping data for table `photo_tag`
--

INSERT INTO `photo_tag` (`photo_id`, `tag_id`) VALUES
(23, 1),
(24, 1),
(25, 1),
(26, 1),
(27, 1),
(28, 4),
(29, 4),
(30, 4),
(31, 4),
(32, 4),
(33, 4),
(34, 8),
(35, 8),
(36, 8),
(37, 8),
(38, 8);

-- --------------------------------------------------------

--
-- Table structure for table `static_content`
--

CREATE TABLE IF NOT EXISTS `static_content` (
`id` int(11) NOT NULL,
  `slug` varchar(50) COLLATE utf8_czech_ci NOT NULL,
  `content` text COLLATE utf8_czech_ci NOT NULL,
  `updated` timestamp NOT NULL DEFAULT '0000-00-00 00:00:00' ON UPDATE CURRENT_TIMESTAMP
) ENGINE=InnoDB AUTO_INCREMENT=12 DEFAULT CHARSET=utf8 COLLATE=utf8_czech_ci;

--
-- Dumping data for table `static_content`
--

INSERT INTO `static_content` (`id`, `slug`, `content`, `updated`) VALUES
(1, '', 'Vítejte!\r\n--------\r\n\r\nMůžete používat syntax Texy!, pokud Vám vyhovuje:\r\n- třeba **tučné** písmo nebo *kurzíva*\r\n- a takto se dělá "odkaz":http://texy.info\r\n- více najdete na stránce \r\n\r\nLook at homepage:[Team:default].\r\n\r\n\r\n"syntax":[syntax]\r\n\r\n\r\nAle také můžete zůstat u HTML:\r\n- takto <b>HTML</b>\r\n- nebo i <b class=xx>úplně <i>hloupě</b>, Texy! to pořeší\r\n\r\n\r\n[syntax]: /cs/syntax', '2015-01-24 20:49:00'),
(2, 'informations', '<div class="Article">\n	<div class="Article__head Box__head">\n		<div class="Article__head__icon Box__head__icon icon__news"></div>\n		<div class="Article__head__text Box__head__text">Informace k počtení - editovatelné</div>\n	</div>\n			<div class="Box__content">\n				<div class="Article__date">Oddíl házené TJ Tatran Litovel Vás srdečně zve k účasti na 3. ročníku mezinárodního turnaje miniházené \n\nLITOVEL MINI CUP 2015, který se uskuteční v termínu 22. – 24. 5. 2015.</div>\n				<div class="Article__content">\n				Turnaj je pro určen pro družstva mladší mini (2006 a mladší) a starší mini (2004 – 2005) bez rozdílu \n\npohlaví, tzn. chlapci, dívky, smíšené týmy.Turnaje se může zúčastnit celkem 24 týmů, z toho maximálně 12 týmů v každé věkové kategorii. \n\nVzhledem k co největší atraktivitě turnaje si pořadatel vyhrazuje právo výběru</div>\n\n<div class="Article__heading">Hrací systém:</div>\n\n\n<div class="Article__content">4 + 1, každý s každým (každý tým odehraje 11 zápasů), začátek turnaje je v pátek v 13.00 hod</div>\n<div class="Article__heading">Hrací doba:</div>\n\n<div class="Article__content">2 x 10 min s 2 min. přestávkou</div>\n\n\n<div class="Article__heading">Kde se hraje:</div>\n<div class="Article__content">sportovní hala ZŠ Vítězná (2 hřiště)\nvenkovní areál Sokolovna Litovel (2 hřiště)\nV případě nepřízně počasí budeme nuceni přesunout venkovní zápasy do sportovní haly, tzn. zkrácení hrací doby.</div>\n\n<div class="Article__heading">Ubytování:</div>\n<div class="Article__content">ve třídách ZŠ Vítězná – karimatka, spacák</div>\n\n\n<div class="Article__heading">Stravování:</div>\n<div class="Article__content">školní jídelna ZŠ Vítězná (snídaně, obědy, večeře)</div>\n\n\n<div class="Article__heading">Vyhodnocení turnaje:</div>\n<div class="Article__content">1. tři týmy z každé věkové kategorie obdrží pohár, hodnotnou cenu, každý hráč z týmu medaili.\nHráči všech týmů dostanou sladkou odměnu, bude vyhodnocen nejlepší střelec, hráč a brankář každé věkové kategorie</div>\n\n\n<div class="Article__heading">Program pro děti::</div>\n<div class="Article__content">pátek - diskotéka, sobota – zápas dětských hvězd, trenérů, doprovodný program</div>\n\n\n<div class="Article__heading">Program pro dospělé:</div>\n<div class="Article__content">večerní posezení v areálu Sokolovny s ochutnávkou místních specialit, doprovodný program</div>\n\n\n<div class="Article__heading">Doprovodný program:</div>\n<div class="Article__content">k využití volného času Vám nabízíme zajištění - vše v dosahu 300 m od ubytování krytého bazénu s parní místností (ZŠ)\nhřiště na plážový volejbal (házenou) - areál Sokolovny\ntenisový kurt – areál Sokolovny\nprojížďka Litovelským Pomoravím na raftech\nPokud byste měli sportovního vyžití „nad hlavu“, jsme schopni Vám zarezervovat prohlídku blízkých Mladečských jeskyní nebo pohádkového hradu Bouzov (i noční prohlídku). Samozřejmě, že dopravu autobusem jsme schopni také zarezervovat.</div>\n\n\n<div class="Article__heading">Startovné:</div>\n<div class="Article__content">1 tým z oddílu – 1 500,- Kč, 2 týmy z oddílu 2 400,- Kč</div>\n\n\n<div class="Article__heading">Ubytování:</div>\n<div class="Article__content">80,- osobu/den, ubytování ve třídách ZŠ Vítězná. Bude vybírána vratná kauce 2 000,- Kč jako záloha na případné poškození vybavení tříd.</div>\n\n\n<div class="Article__heading">Strava:</div>\n<div class="Article__content">snídaně - 40,-\nOběd – 70,-\nVečeře – 70,-</div>\n\n\n\n			</div>		\n		</div>', '2015-04-03 13:10:24'),
(3, 'sponsors', '	<div class="Article">\n		<div class="Article__head Box__head">\n			    <div class="Article__head__icon Box__head__icon icon__teams">\n	    </div>\n	    <div class="Article__head__text Box__head__text">Sponzoři</div>\n		</div>\n	    <div class="Box__content Sponzors__content">\n	    	<ul>\n	    		<li class="Sponsors__images">test</li>\n                <li class="Sponsors__images">test</li>\n                <li class="Sponsors__images">test</li>\n                <li class="Sponsors__images">test</li>\n                <li class="Sponsors__images">test</li>\n                <li class="Sponsors__images">test</li>\n                <li class="Sponsors__images">test</li>\n                <li class="Sponsors__images">test</li>\n                <li class="Sponsors__images">test</li>\n                <li class="Sponsors__images">test</li>\n                <li class="Sponsors__images">test</li>\n                <li class="Sponsors__images">test</li>\n                <li class="Sponsors__images">test</li>\n                <li class="Sponsors__images">test</li>\n	    	</ul>\n	    </div>\n	</div>', '2015-04-03 13:17:25'),
(4, 'mladsi_handball-val-mezirici', 'Nějaký text k Val. Meziříčí', '2015-04-03 13:08:13'),
(5, 'mladsi_tatran-litovel', '      <br>  <br><div class="Article__head Box__head">\n            <div class="Article__head__icon Box__head__icon icon__matches">\n    </div>\n    <div class="Article__head__text Box__head__text">Nějaký jiný obsah</div>\n    </div>\n    <br>\nTatran je prostě nejlepší', '2015-04-03 13:26:50'),
(6, 'mladsi_hbc-jicin', '', '2015-04-03 13:57:12'),
(7, 'mladsi_stm-olomouc', '', '2015-04-03 13:57:17'),
(8, 'mladsi_dhk-olomouc', '<p><br>Bude XSS?</p> <br><br>', '2015-04-05 21:26:06'),
(9, 'mladsi_otrokovice', '', '2015-04-03 14:25:35'),
(10, 'mladsi_velka-bystrice', '', '2015-04-03 22:08:25'),
(11, 'mladsi_sk-zeravice-b', '', '2015-04-05 19:24:02');

-- --------------------------------------------------------

--
-- Table structure for table `tag`
--

CREATE TABLE IF NOT EXISTS `tag` (
`id` int(11) NOT NULL,
  `name` text COLLATE utf8_czech_ci,
  `slug` text COLLATE utf8_czech_ci NOT NULL,
  `is_main` int(11) NOT NULL DEFAULT '0',
  `main_photo_id` int(11) DEFAULT NULL
) ENGINE=InnoDB AUTO_INCREMENT=12 DEFAULT CHARSET=utf8 COLLATE=utf8_czech_ci;

--
-- Dumping data for table `tag`
--

INSERT INTO `tag` (`id`, `name`, `slug`, `is_main`, `main_photo_id`) VALUES
(1, NULL, 'mladsi_tatran-litovel', 1, NULL),
(2, NULL, 'stm-olomouc', 0, NULL),
(3, NULL, 'dukla-praha', 0, NULL),
(4, NULL, 'vyhlaseni', 1, NULL),
(5, NULL, 'emile', 0, NULL),
(6, NULL, 'diskoteka', 1, NULL),
(7, NULL, 'google', 0, NULL),
(8, NULL, 'mladsi_dhk-olomouc', 0, NULL),
(9, NULL, 'mladsi_tatran-litovel', 0, NULL),
(10, NULL, 'mladsi_hbc-jicin', 0, NULL),
(11, NULL, 'mladsi_otrokovice', 0, NULL);

-- --------------------------------------------------------

--
-- Table structure for table `team`
--

CREATE TABLE IF NOT EXISTS `team` (
`id` int(11) NOT NULL,
  `category_id` int(11) NOT NULL,
  `team_info_id` int(11) NOT NULL,
  `order` int(11) NOT NULL,
  `points` int(11) NOT NULL,
  `scored` int(11) NOT NULL,
  `received` int(11) NOT NULL,
  `inserted` datetime NOT NULL,
  `actual` int(11) NOT NULL DEFAULT '0',
  `after_match_id` int(11) DEFAULT NULL
) ENGINE=InnoDB AUTO_INCREMENT=12101 DEFAULT CHARSET=utf8 COLLATE=utf8_czech_ci;

--
-- Dumping data for table `team`
--

INSERT INTO `team` (`id`, `category_id`, `team_info_id`, `order`, `points`, `scored`, `received`, `inserted`, `actual`, `after_match_id`) VALUES
(11981, 1, 78, 1, 20, 176, 90, '2015-04-03 13:02:14', 0, 2051),
(11982, 1, 88, 8, 9, 126, 129, '2015-04-03 13:02:14', 0, 2051),
(11983, 1, 87, 2, 17, 141, 104, '2015-04-03 13:02:14', 0, 2051),
(11984, 1, 79, 3, 17, 160, 110, '2015-04-03 13:02:14', 0, 2051),
(11985, 1, 80, 11, 4, 93, 159, '2015-04-03 13:02:14', 0, 2051),
(11986, 1, 81, 6, 14, 115, 80, '2015-04-03 13:02:14', 0, 2051),
(11987, 1, 82, 9, 4, 81, 127, '2015-04-03 13:02:14', 0, 2051),
(11988, 1, 83, 7, 10, 82, 102, '2015-04-03 13:02:14', 0, 2051),
(11989, 1, 84, 12, 1, 74, 185, '2015-04-03 13:02:14', 0, 2051),
(11990, 1, 85, 10, 4, 120, 179, '2015-04-03 13:02:14', 0, 2051),
(11991, 1, 86, 4, 17, 113, 60, '2015-04-03 13:02:14', 0, 2051),
(11992, 1, 89, 5, 15, 145, 101, '2015-04-03 13:02:14', 0, 2051),
(11993, 1, 78, 1, 2, 20, 15, '2015-04-03 13:02:14', 0, 2052),
(11994, 1, 87, 2, 0, 0, 0, '2015-04-03 13:02:14', 0, 2052),
(11995, 1, 79, 3, 0, 15, 20, '2015-04-03 13:02:14', 0, 2052),
(11996, 1, 86, 4, 0, 0, 0, '2015-04-03 13:02:14', 0, 2052),
(11997, 1, 89, 5, 0, 0, 0, '2015-04-03 13:02:14', 0, 2052),
(11998, 1, 81, 6, 0, 0, 0, '2015-04-03 13:02:14', 0, 2052),
(11999, 1, 83, 7, 0, 0, 0, '2015-04-03 13:02:14', 0, 2052),
(12000, 1, 88, 8, 0, 0, 0, '2015-04-03 13:02:14', 0, 2052),
(12001, 1, 82, 9, 0, 0, 0, '2015-04-03 13:02:14', 0, 2052),
(12002, 1, 85, 10, 0, 0, 0, '2015-04-03 13:02:14', 0, 2052),
(12003, 1, 80, 11, 0, 0, 0, '2015-04-03 13:02:14', 0, 2052),
(12004, 1, 84, 12, 0, 0, 0, '2015-04-03 13:02:14', 0, 2052),
(12005, 1, 78, 1, 2, 20, 15, '2015-04-03 13:02:14', 0, 2053),
(12006, 1, 87, 3, 0, 0, 0, '2015-04-03 13:02:14', 0, 2053),
(12007, 1, 79, 12, 0, 15, 20, '2015-04-03 13:02:14', 0, 2053),
(12008, 1, 86, 3, 0, 0, 0, '2015-04-03 13:02:14', 0, 2053),
(12009, 1, 89, 3, 0, 0, 0, '2015-04-03 13:02:14', 0, 2053),
(12010, 1, 81, 11, 0, 4, 5, '2015-04-03 13:02:14', 0, 2053),
(12011, 1, 83, 3, 0, 0, 0, '2015-04-03 13:02:14', 0, 2053),
(12012, 1, 88, 3, 0, 0, 0, '2015-04-03 13:02:14', 0, 2053),
(12013, 1, 82, 3, 0, 0, 0, '2015-04-03 13:02:14', 0, 2053),
(12014, 1, 85, 3, 0, 0, 0, '2015-04-03 13:02:14', 0, 2053),
(12015, 1, 80, 2, 2, 5, 4, '2015-04-03 13:02:14', 0, 2053),
(12016, 1, 84, 3, 0, 0, 0, '2015-04-03 13:02:14', 0, 2053),
(12017, 1, 78, 1, 2, 20, 15, '2015-04-03 13:02:14', 0, 2054),
(12018, 1, 80, 3, 2, 5, 4, '2015-04-03 13:02:14', 0, 2054),
(12019, 1, 85, 4, 0, 0, 0, '2015-04-03 13:02:14', 0, 2054),
(12020, 1, 82, 11, 0, 5, 10, '2015-04-03 13:02:14', 0, 2054),
(12021, 1, 88, 4, 0, 0, 0, '2015-04-03 13:02:14', 0, 2054),
(12022, 1, 83, 1, 2, 10, 5, '2015-04-03 13:02:14', 0, 2054),
(12023, 1, 89, 4, 0, 0, 0, '2015-04-03 13:02:14', 0, 2054),
(12024, 1, 86, 4, 0, 0, 0, '2015-04-03 13:02:14', 0, 2054),
(12025, 1, 87, 4, 0, 0, 0, '2015-04-03 13:02:14', 0, 2054),
(12026, 1, 84, 4, 0, 0, 0, '2015-04-03 13:02:14', 0, 2054),
(12027, 1, 81, 10, 0, 4, 5, '2015-04-03 13:02:14', 0, 2054),
(12028, 1, 79, 11, 0, 15, 20, '2015-04-03 13:02:14', 0, 2054),
(12029, 1, 78, 1, 2, 20, 15, '2015-04-03 13:02:14', 0, 2055),
(12030, 1, 83, 1, 2, 10, 5, '2015-04-03 13:02:14', 0, 2055),
(12031, 1, 80, 4, 2, 5, 4, '2015-04-03 13:02:14', 0, 2055),
(12032, 1, 84, 10, 0, 20, 22, '2015-04-03 13:02:14', 0, 2055),
(12033, 1, 87, 5, 0, 0, 0, '2015-04-03 13:02:14', 0, 2055),
(12034, 1, 86, 5, 0, 0, 0, '2015-04-03 13:02:14', 0, 2055),
(12035, 1, 89, 5, 0, 0, 0, '2015-04-03 13:02:14', 0, 2055),
(12036, 1, 88, 5, 0, 0, 0, '2015-04-03 13:02:14', 0, 2055),
(12037, 1, 85, 3, 2, 22, 20, '2015-04-03 13:02:14', 0, 2055),
(12038, 1, 81, 9, 0, 4, 5, '2015-04-03 13:02:14', 0, 2055),
(12039, 1, 82, 11, 0, 5, 10, '2015-04-03 13:02:14', 0, 2055),
(12040, 1, 79, 11, 0, 15, 20, '2015-04-03 13:02:14', 0, 2055),
(12041, 1, 78, 1, 2, 20, 15, '2015-04-03 13:02:14', 0, 2056),
(12042, 1, 83, 1, 2, 10, 5, '2015-04-03 13:02:14', 0, 2056),
(12043, 1, 85, 3, 2, 22, 20, '2015-04-03 13:02:14', 0, 2056),
(12044, 1, 80, 5, 2, 5, 4, '2015-04-03 13:02:14', 0, 2056),
(12045, 1, 88, 6, 0, 0, 0, '2015-04-03 13:02:14', 0, 2056),
(12046, 1, 89, 6, 0, 0, 0, '2015-04-03 13:02:14', 0, 2056),
(12047, 1, 86, 3, 2, 10, 8, '2015-04-03 13:02:14', 0, 2056),
(12048, 1, 87, 9, 0, 8, 10, '2015-04-03 13:02:14', 0, 2056),
(12049, 1, 81, 8, 0, 4, 5, '2015-04-03 13:02:14', 0, 2056),
(12050, 1, 84, 9, 0, 20, 22, '2015-04-03 13:02:14', 0, 2056),
(12051, 1, 82, 11, 0, 5, 10, '2015-04-03 13:02:14', 0, 2056),
(12052, 1, 79, 11, 0, 15, 20, '2015-04-03 13:02:14', 0, 2056),
(12053, 1, 78, 2, 2, 20, 15, '2015-04-03 13:02:14', 0, 2057),
(12054, 1, 83, 3, 2, 12, 8, '2015-04-03 13:02:14', 0, 2057),
(12055, 1, 86, 4, 2, 10, 8, '2015-04-03 13:02:14', 0, 2057),
(12056, 1, 85, 4, 2, 22, 20, '2015-04-03 13:02:14', 0, 2057),
(12057, 1, 80, 6, 2, 5, 4, '2015-04-03 13:02:14', 0, 2057),
(12058, 1, 88, 1, 2, 3, 2, '2015-04-03 13:02:14', 0, 2057),
(12059, 1, 89, 7, 0, 0, 0, '2015-04-03 13:02:14', 0, 2057),
(12060, 1, 81, 8, 0, 4, 5, '2015-04-03 13:02:14', 0, 2057),
(12061, 1, 87, 9, 0, 8, 10, '2015-04-03 13:02:14', 0, 2057),
(12062, 1, 84, 9, 0, 20, 22, '2015-04-03 13:02:14', 0, 2057),
(12063, 1, 82, 11, 0, 5, 10, '2015-04-03 13:02:14', 0, 2057),
(12064, 1, 79, 11, 0, 15, 20, '2015-04-03 13:02:14', 0, 2057),
(12065, 1, 88, 2, 2, 3, 2, '2015-04-03 13:02:14', 0, 2058),
(12066, 1, 78, 1, 4, 32, 23, '2015-04-03 13:02:14', 0, 2058),
(12067, 1, 83, 3, 2, 12, 8, '2015-04-03 13:02:14', 0, 2058),
(12068, 1, 86, 4, 2, 10, 8, '2015-04-03 13:02:14', 0, 2058),
(12069, 1, 85, 4, 2, 22, 20, '2015-04-03 13:02:14', 0, 2058),
(12070, 1, 80, 6, 2, 13, 16, '2015-04-03 13:02:14', 0, 2058),
(12071, 1, 89, 7, 0, 0, 0, '2015-04-03 13:02:14', 0, 2058),
(12072, 1, 81, 8, 0, 4, 5, '2015-04-03 13:02:14', 0, 2058),
(12073, 1, 87, 9, 0, 8, 10, '2015-04-03 13:02:14', 0, 2058),
(12074, 1, 84, 9, 0, 20, 22, '2015-04-03 13:02:14', 0, 2058),
(12075, 1, 82, 11, 0, 5, 10, '2015-04-03 13:02:14', 0, 2058),
(12076, 1, 79, 11, 0, 15, 20, '2015-04-03 13:02:14', 0, 2058),
(12077, 1, 78, 1, 4, 32, 23, '2015-04-03 15:44:18', 0, 2059),
(12078, 1, 88, 2, 2, 3, 2, '2015-04-03 15:44:18', 0, 2059),
(12079, 1, 83, 3, 2, 12, 8, '2015-04-03 15:44:18', 0, 2059),
(12080, 1, 86, 4, 2, 10, 8, '2015-04-03 15:44:18', 0, 2059),
(12081, 1, 85, 4, 2, 22, 20, '2015-04-03 15:44:18', 0, 2059),
(12082, 1, 80, 6, 2, 13, 16, '2015-04-03 15:44:18', 0, 2059),
(12083, 1, 89, 9, 0, 10, 12, '2015-04-03 15:44:18', 0, 2059),
(12084, 1, 81, 8, 0, 4, 5, '2015-04-03 15:44:18', 0, 2059),
(12085, 1, 87, 9, 0, 8, 10, '2015-04-03 15:44:18', 0, 2059),
(12086, 1, 84, 9, 0, 20, 22, '2015-04-03 15:44:18', 0, 2059),
(12087, 1, 82, 12, 0, 5, 10, '2015-04-03 15:44:18', 0, 2059),
(12088, 1, 79, 6, 2, 27, 30, '2015-04-03 15:44:18', 0, 2059),
(12089, 1, 78, 1, 4, 32, 23, '2015-04-03 15:45:24', 1, NULL),
(12090, 1, 88, 2, 2, 3, 2, '2015-04-03 15:45:24', 1, NULL),
(12091, 1, 83, 3, 2, 12, 8, '2015-04-03 15:45:24', 1, NULL),
(12092, 1, 86, 4, 2, 10, 8, '2015-04-03 15:45:24', 1, NULL),
(12093, 1, 85, 4, 2, 22, 20, '2015-04-03 15:45:24', 1, NULL),
(12094, 1, 79, 6, 2, 27, 30, '2015-04-03 15:45:24', 1, NULL),
(12095, 1, 80, 6, 2, 13, 16, '2015-04-03 15:45:24', 1, NULL),
(12096, 1, 81, 10, 0, 4, 5, '2015-04-03 15:45:24', 1, NULL),
(12097, 1, 87, 8, 1, 18, 20, '2015-04-03 15:45:24', 1, NULL),
(12098, 1, 84, 11, 0, 20, 22, '2015-04-03 15:45:24', 1, NULL),
(12099, 1, 89, 11, 0, 10, 12, '2015-04-03 15:45:24', 1, NULL),
(12100, 1, 82, 9, 1, 15, 20, '2015-04-03 15:45:24', 1, NULL);

--
-- Triggers `team`
--
DELIMITER //
CREATE TRIGGER `team_bi` BEFORE INSERT ON `team`
 FOR EACH ROW SET NEW.inserted = NOW()
//
DELIMITER ;

-- --------------------------------------------------------

--
-- Table structure for table `team_info`
--

CREATE TABLE IF NOT EXISTS `team_info` (
`id` int(11) NOT NULL,
  `category_id` int(11) NOT NULL,
  `name` char(30) COLLATE utf8_czech_ci NOT NULL,
  `slug` char(30) COLLATE utf8_czech_ci NOT NULL,
  `static_content_id` int(11) DEFAULT NULL,
  `tag_id` int(11) DEFAULT NULL
) ENGINE=InnoDB AUTO_INCREMENT=90 DEFAULT CHARSET=utf8 COLLATE=utf8_czech_ci;

--
-- Dumping data for table `team_info`
--

INSERT INTO `team_info` (`id`, `category_id`, `name`, `slug`, `static_content_id`, `tag_id`) VALUES
(76, 1, 'Test', 'test', NULL, NULL),
(77, 1, 'jiný test', 'jiny-test', NULL, NULL),
(78, 1, 'Tatran Litovel', 'tatran-litovel', 5, 9),
(79, 1, 'SK Žeravice A', 'sk-zeravice-a', NULL, NULL),
(80, 1, 'Velká Bystřice', 'velka-bystrice', 10, NULL),
(81, 1, 'DHK Zora Olomouc', 'dhk-olomouc', 8, 8),
(82, 1, 'Otrokovice', 'otrokovice', 9, 11),
(83, 1, 'Handball Val. Meziříčí', 'handball-val-mezirici', 4, NULL),
(84, 1, 'TJ JM Chodov', 'tj-jm-chodov', NULL, NULL),
(85, 1, 'SK Žeravice B', 'sk-zeravice-b', 11, NULL),
(86, 1, 'Sokol Prostějov', 'sokol-prostejov', NULL, NULL),
(87, 1, 'HBC Jičín', 'hbc-jicin', 6, 10),
(88, 1, 'ŠKP Bratislava', 'skp-bratislava', NULL, NULL),
(89, 1, 'STM Olomouc', 'stm-olomouc', 7, NULL);

-- --------------------------------------------------------

--
-- Table structure for table `user`
--

CREATE TABLE IF NOT EXISTS `user` (
`id` int(11) NOT NULL,
  `username` text COLLATE utf8_czech_ci NOT NULL,
  `password_hash` text COLLATE utf8_czech_ci NOT NULL,
  `role` text COLLATE utf8_czech_ci NOT NULL,
  `fullname` text COLLATE utf8_czech_ci NOT NULL
) ENGINE=InnoDB AUTO_INCREMENT=2 DEFAULT CHARSET=utf8 COLLATE=utf8_czech_ci;

--
-- Dumping data for table `user`
--

INSERT INTO `user` (`id`, `username`, `password_hash`, `role`, `fullname`) VALUES
(1, 'joe', '$2y$10$HZGTs1GzZB70Bbpc2HLnFeyBYdaudLWW/gOd7CVEcpf8C4nURUVRi', 'admin', 'Joe Kolář');

-- --------------------------------------------------------

--
-- Table structure for table `year`
--

CREATE TABLE IF NOT EXISTS `year` (
`id` int(11) NOT NULL,
  `year` year(4) NOT NULL,
  `name` text COLLATE utf8_czech_ci,
  `slug` char(20) COLLATE utf8_czech_ci NOT NULL,
  `actual` tinyint(1) NOT NULL
) ENGINE=InnoDB AUTO_INCREMENT=3 DEFAULT CHARSET=utf8 COLLATE=utf8_czech_ci;

--
-- Dumping data for table `year`
--

INSERT INTO `year` (`id`, `year`, `name`, `slug`, `actual`) VALUES
(1, 2015, NULL, '2015', 1),
(2, 2014, NULL, '2014', 0);

--
-- Indexes for dumped tables
--

--
-- Indexes for table `category`
--
ALTER TABLE `category`
 ADD PRIMARY KEY (`id`), ADD UNIQUE KEY `slug` (`slug`), ADD KEY `year_id` (`year_id`);

--
-- Indexes for table `day`
--
ALTER TABLE `day`
 ADD PRIMARY KEY (`id`), ADD KEY `year_id` (`year_id`);

--
-- Indexes for table `match`
--
ALTER TABLE `match`
 ADD PRIMARY KEY (`id`), ADD UNIQUE KEY `id` (`id`), ADD KEY `AI_id` (`id`), ADD KEY `home_team_id` (`home_team_info_id`), ADD KEY `away_team_id` (`away_team_info_id`), ADD KEY `match_term_id` (`match_term_id`), ADD KEY `category_id` (`category_id`);

--
-- Indexes for table `match_term`
--
ALTER TABLE `match_term`
 ADD PRIMARY KEY (`id`), ADD KEY `day_id` (`day_id`);

--
-- Indexes for table `news`
--
ALTER TABLE `news`
 ADD PRIMARY KEY (`id`), ADD KEY `id` (`id`);

--
-- Indexes for table `online_report`
--
ALTER TABLE `online_report`
 ADD PRIMARY KEY (`id`), ADD KEY `match_id` (`match_id`), ADD KEY `author` (`author`);

--
-- Indexes for table `photo`
--
ALTER TABLE `photo`
 ADD PRIMARY KEY (`id`);

--
-- Indexes for table `photo_tag`
--
ALTER TABLE `photo_tag`
 ADD PRIMARY KEY (`photo_id`,`tag_id`), ADD KEY `tag_id` (`tag_id`);

--
-- Indexes for table `static_content`
--
ALTER TABLE `static_content`
 ADD PRIMARY KEY (`id`), ADD UNIQUE KEY `slug` (`slug`);

--
-- Indexes for table `tag`
--
ALTER TABLE `tag`
 ADD PRIMARY KEY (`id`), ADD KEY `main_photo_id` (`main_photo_id`);

--
-- Indexes for table `team`
--
ALTER TABLE `team`
 ADD PRIMARY KEY (`id`), ADD KEY `category_id` (`category_id`), ADD KEY `team_info_id` (`team_info_id`), ADD KEY `after_match_id` (`after_match_id`);

--
-- Indexes for table `team_info`
--
ALTER TABLE `team_info`
 ADD PRIMARY KEY (`id`), ADD UNIQUE KEY `category_id_name_slug` (`category_id`,`name`,`slug`), ADD KEY `static_content_id` (`static_content_id`), ADD KEY `tag_id` (`tag_id`);

--
-- Indexes for table `user`
--
ALTER TABLE `user`
 ADD PRIMARY KEY (`id`);

--
-- Indexes for table `year`
--
ALTER TABLE `year`
 ADD PRIMARY KEY (`id`), ADD UNIQUE KEY `slug` (`slug`);

--
-- AUTO_INCREMENT for dumped tables
--

--
-- AUTO_INCREMENT for table `category`
--
ALTER TABLE `category`
MODIFY `id` int(11) NOT NULL AUTO_INCREMENT,AUTO_INCREMENT=3;
--
-- AUTO_INCREMENT for table `day`
--
ALTER TABLE `day`
MODIFY `id` int(11) NOT NULL AUTO_INCREMENT,AUTO_INCREMENT=80;
--
-- AUTO_INCREMENT for table `match`
--
ALTER TABLE `match`
MODIFY `id` int(11) NOT NULL AUTO_INCREMENT,AUTO_INCREMENT=2117;
--
-- AUTO_INCREMENT for table `match_term`
--
ALTER TABLE `match_term`
MODIFY `id` int(11) NOT NULL AUTO_INCREMENT,AUTO_INCREMENT=1566;
--
-- AUTO_INCREMENT for table `news`
--
ALTER TABLE `news`
MODIFY `id` int(11) NOT NULL AUTO_INCREMENT,AUTO_INCREMENT=12;
--
-- AUTO_INCREMENT for table `online_report`
--
ALTER TABLE `online_report`
MODIFY `id` int(11) NOT NULL AUTO_INCREMENT;
--
-- AUTO_INCREMENT for table `photo`
--
ALTER TABLE `photo`
MODIFY `id` int(11) NOT NULL AUTO_INCREMENT,AUTO_INCREMENT=39;
--
-- AUTO_INCREMENT for table `static_content`
--
ALTER TABLE `static_content`
MODIFY `id` int(11) NOT NULL AUTO_INCREMENT,AUTO_INCREMENT=12;
--
-- AUTO_INCREMENT for table `tag`
--
ALTER TABLE `tag`
MODIFY `id` int(11) NOT NULL AUTO_INCREMENT,AUTO_INCREMENT=12;
--
-- AUTO_INCREMENT for table `team`
--
ALTER TABLE `team`
MODIFY `id` int(11) NOT NULL AUTO_INCREMENT,AUTO_INCREMENT=12101;
--
-- AUTO_INCREMENT for table `team_info`
--
ALTER TABLE `team_info`
MODIFY `id` int(11) NOT NULL AUTO_INCREMENT,AUTO_INCREMENT=90;
--
-- AUTO_INCREMENT for table `user`
--
ALTER TABLE `user`
MODIFY `id` int(11) NOT NULL AUTO_INCREMENT,AUTO_INCREMENT=2;
--
-- AUTO_INCREMENT for table `year`
--
ALTER TABLE `year`
MODIFY `id` int(11) NOT NULL AUTO_INCREMENT,AUTO_INCREMENT=3;
--
-- Constraints for dumped tables
--

--
-- Constraints for table `category`
--
ALTER TABLE `category`
ADD CONSTRAINT `category_ibfk_1` FOREIGN KEY (`year_id`) REFERENCES `year` (`id`);

--
-- Constraints for table `day`
--
ALTER TABLE `day`
ADD CONSTRAINT `day_ibfk_1` FOREIGN KEY (`year_id`) REFERENCES `year` (`id`);

--
-- Constraints for table `match`
--
ALTER TABLE `match`
ADD CONSTRAINT `match_ibfk_1` FOREIGN KEY (`match_term_id`) REFERENCES `match_term` (`id`),
ADD CONSTRAINT `match_ibfk_2` FOREIGN KEY (`category_id`) REFERENCES `category` (`id`),
ADD CONSTRAINT `match_ibfk_5` FOREIGN KEY (`home_team_info_id`) REFERENCES `team_info` (`id`),
ADD CONSTRAINT `match_ibfk_6` FOREIGN KEY (`away_team_info_id`) REFERENCES `team_info` (`id`);

--
-- Constraints for table `match_term`
--
ALTER TABLE `match_term`
ADD CONSTRAINT `day_id` FOREIGN KEY (`day_id`) REFERENCES `day` (`id`);

--
-- Constraints for table `online_report`
--
ALTER TABLE `online_report`
ADD CONSTRAINT `online_report_ibfk_1` FOREIGN KEY (`match_id`) REFERENCES `match` (`id`),
ADD CONSTRAINT `online_report_ibfk_3` FOREIGN KEY (`author`) REFERENCES `user` (`id`);

--
-- Constraints for table `photo_tag`
--
ALTER TABLE `photo_tag`
ADD CONSTRAINT `photo_tag_ibfk_3` FOREIGN KEY (`photo_id`) REFERENCES `photo` (`id`) ON DELETE CASCADE ON UPDATE CASCADE,
ADD CONSTRAINT `photo_tag_ibfk_4` FOREIGN KEY (`tag_id`) REFERENCES `tag` (`id`) ON DELETE CASCADE ON UPDATE CASCADE;

--
-- Constraints for table `tag`
--
ALTER TABLE `tag`
ADD CONSTRAINT `tag_ibfk_1` FOREIGN KEY (`main_photo_id`) REFERENCES `photo` (`id`);

--
-- Constraints for table `team`
--
ALTER TABLE `team`
ADD CONSTRAINT `team_ibfk_1` FOREIGN KEY (`team_info_id`) REFERENCES `team_info` (`id`),
ADD CONSTRAINT `team_ibfk_2` FOREIGN KEY (`category_id`) REFERENCES `category` (`id`),
ADD CONSTRAINT `team_ibfk_6` FOREIGN KEY (`after_match_id`) REFERENCES `match` (`id`) ON DELETE SET NULL ON UPDATE SET NULL;

--
-- Constraints for table `team_info`
--
ALTER TABLE `team_info`
ADD CONSTRAINT `team_info_ibfk_4` FOREIGN KEY (`tag_id`) REFERENCES `tag` (`id`),
ADD CONSTRAINT `team_info_ibfk_2` FOREIGN KEY (`category_id`) REFERENCES `category` (`id`),
ADD CONSTRAINT `team_info_ibfk_3` FOREIGN KEY (`static_content_id`) REFERENCES `static_content` (`id`);

/*!40101 SET CHARACTER_SET_CLIENT=@OLD_CHARACTER_SET_CLIENT */;
/*!40101 SET CHARACTER_SET_RESULTS=@OLD_CHARACTER_SET_RESULTS */;
/*!40101 SET COLLATION_CONNECTION=@OLD_COLLATION_CONNECTION */;
