-- phpMyAdmin SQL Dump
-- version 4.2.11
-- http://www.phpmyadmin.net
--
-- Počítač: localhost
-- Vytvořeno: Čtv 29. led 2015, 21:35
-- Verze serveru: 5.5.41-0ubuntu0.14.10.1
-- Verze PHP: 5.5.12-2ubuntu4.1

SET SQL_MODE = "NO_AUTO_VALUE_ON_ZERO";
SET time_zone = "+00:00";


/*!40101 SET @OLD_CHARACTER_SET_CLIENT=@@CHARACTER_SET_CLIENT */;
/*!40101 SET @OLD_CHARACTER_SET_RESULTS=@@CHARACTER_SET_RESULTS */;
/*!40101 SET @OLD_COLLATION_CONNECTION=@@COLLATION_CONNECTION */;
/*!40101 SET NAMES utf8 */;

--
-- Databáze: `minicup-2015`
--

-- --------------------------------------------------------

--
-- Struktura tabulky `category`
--

CREATE TABLE IF NOT EXISTS `category` (
`id` int(11) NOT NULL,
  `year_id` int(11) DEFAULT NULL,
  `name` char(30) COLLATE utf8_czech_ci NOT NULL,
  `slug` char(30) COLLATE utf8_czech_ci NOT NULL,
  `default` int(11) NOT NULL DEFAULT '0'
) ENGINE=InnoDB AUTO_INCREMENT=3 DEFAULT CHARSET=utf8 COLLATE=utf8_czech_ci;

--
-- Vypisuji data pro tabulku `category`
--

INSERT INTO `category` (`id`, `year_id`, `name`, `slug`, `default`) VALUES
(1, 1, 'mladší', 'mladsi', 1),
(2, 1, 'starší', 'starsi', 0);

-- --------------------------------------------------------

--
-- Struktura tabulky `day`
--

CREATE TABLE IF NOT EXISTS `day` (
`id` int(11) NOT NULL,
  `day` date NOT NULL,
  `year_id` int(11) NOT NULL
) ENGINE=InnoDB AUTO_INCREMENT=80 DEFAULT CHARSET=utf8 COLLATE=utf8_czech_ci;

--
-- Vypisuji data pro tabulku `day`
--

INSERT INTO `day` (`id`, `day`, `year_id`) VALUES
(77, '2015-05-23', 1),
(78, '2015-05-24', 1),
(79, '2015-05-25', 1);

-- --------------------------------------------------------

--
-- Struktura tabulky `match`
--

CREATE TABLE IF NOT EXISTS `match` (
`id` int(11) NOT NULL,
  `match_term_id` int(11) DEFAULT NULL,
  `category_id` int(11) NOT NULL,
  `home_team_info_id` int(11) NOT NULL,
  `away_team_info_id` int(11) NOT NULL,
  `score_home` int(11) DEFAULT NULL,
  `score_away` int(11) DEFAULT NULL,
  `confirmed` int(11) NOT NULL DEFAULT '0'
) ENGINE=InnoDB AUTO_INCREMENT=1939 DEFAULT CHARSET=utf8 COLLATE=utf8_czech_ci;

--
-- Vypisuji data pro tabulku `match`
--

INSERT INTO `match` (`id`, `match_term_id`, `category_id`, `home_team_info_id`, `away_team_info_id`, `score_home`, `score_away`, `confirmed`) VALUES
(1873, 1322, 1, 78, 79, 14, 6, 1),
(1874, 1323, 1, 80, 81, 3, 8, 1),
(1875, 1324, 1, 82, 83, 6, 7, 1),
(1876, 1325, 1, 84, 85, 12, 16, 1),
(1877, 1326, 1, 86, 87, 6, 6, 1),
(1878, 1327, 1, 88, 83, 2, 4, 1),
(1879, 1328, 1, 80, 78, 6, 22, 1),
(1880, 1329, 1, 89, 79, 12, 13, 1),
(1881, 1330, 1, 87, 82, 17, 8, 1),
(1882, 1331, 1, 81, 84, 23, 5, 1),
(1883, 1332, 1, 85, 88, 15, 22, 1),
(1884, 1333, 1, 83, 86, 0, 8, 1),
(1885, 1334, 1, 78, 89, 16, 10, 1),
(1886, 1335, 1, 84, 80, 10, 10, 1),
(1887, 1336, 1, 79, 87, 9, 12, 1),
(1888, 1337, 1, 88, 81, 4, 11, 1),
(1889, 1338, 1, 86, 85, 16, 10, 1),
(1890, 1339, 1, 82, 89, 7, 14, 1),
(1891, 1340, 1, 84, 78, 6, 23, 1),
(1892, 1341, 1, 87, 89, 15, 15, 1),
(1893, 1342, 1, 80, 88, 13, 18, 1),
(1894, 1343, 1, 83, 79, 6, 17, 1),
(1895, 1344, 1, 81, 86, 5, 4, 1),
(1896, 1345, 1, 85, 82, 12, 11, 1),
(1897, 1346, 1, 88, 84, 13, 8, 1),
(1898, 1347, 1, 78, 87, 17, 13, 1),
(1899, 1348, 1, 89, 83, 10, 7, 1),
(1900, 1349, 1, 79, 85, 23, 12, 1),
(1901, 1350, 1, 86, 80, 13, 3, 1),
(1902, 1351, 1, 82, 81, 5, 10, 1),
(1903, 1352, 1, 88, 78, 11, 18, 1),
(1904, 1353, 1, 83, 87, 3, 9, 1),
(1905, 1354, 1, 85, 89, 8, 19, 1),
(1906, 1355, 1, 80, 82, 8, 10, 1),
(1907, 1356, 1, 84, 86, 1, 16, 1),
(1908, 1357, 1, 81, 79, 10, 15, 1),
(1909, 1358, 1, 78, 83, 15, 9, 1),
(1910, 1359, 1, 86, 88, 12, 9, 1),
(1911, 1360, 1, 87, 85, 12, 11, 1),
(1912, 1361, 1, 82, 84, 14, 10, 1),
(1913, 1362, 1, 79, 80, 14, 14, 1),
(1914, 1363, 1, 89, 81, 12, 7, 1),
(1915, 1364, 1, 86, 78, 11, 10, 1),
(1916, 1365, 1, 85, 83, 8, 14, 1),
(1917, 1366, 1, 88, 82, 10, 6, 1),
(1918, 1367, 1, 81, 87, 11, 12, 1),
(1919, 1368, 1, 84, 79, 5, 22, 1),
(1920, 1369, 1, 80, 89, 3, 14, 1),
(1921, 1370, 1, 82, 86, 3, 13, 1),
(1922, 1371, 1, 78, 85, 19, 8, 1),
(1923, 1372, 1, 83, 81, 2, 9, 1),
(1924, 1373, 1, 79, 88, 17, 13, 1),
(1925, 1374, 1, 87, 80, 18, 8, 1),
(1926, 1375, 1, 89, 84, 20, 3, 1),
(1927, 1376, 1, 82, 78, 5, 11, 1),
(1928, 1377, 1, 81, 85, 16, 7, 1),
(1929, 1378, 1, 80, 83, 10, 19, 1),
(1930, 1379, 1, 86, 79, 6, 9, 1),
(1931, 1380, 1, 88, 89, 14, 15, 1),
(1932, 1381, 1, 79, 82, 15, 6, 1),
(1933, 1382, 1, 78, 81, 11, 5, 1),
(1934, 1383, 1, 84, 87, 6, 17, 1),
(1935, 1384, 1, 85, 80, 13, 15, 1),
(1936, 1385, 1, 89, 86, 4, 8, 1),
(1937, 1386, 1, 83, 84, 11, 8, 1),
(1938, 1387, 1, 87, 88, 10, 10, 1);

-- --------------------------------------------------------

--
-- Struktura tabulky `match_term`
--

CREATE TABLE IF NOT EXISTS `match_term` (
`id` int(11) NOT NULL,
  `start` time NOT NULL,
  `end` time NOT NULL,
  `day_id` int(11) NOT NULL,
  `location` varchar(50) COLLATE utf8_czech_ci NOT NULL
) ENGINE=InnoDB AUTO_INCREMENT=1388 DEFAULT CHARSET=utf8 COLLATE=utf8_czech_ci;

--
-- Vypisuji data pro tabulku `match_term`
--

INSERT INTO `match_term` (`id`, `start`, `end`, `day_id`, `location`) VALUES
(554, '13:00:00', '13:30:00', 77, ''),
(555, '13:30:00', '14:00:00', 77, ''),
(556, '14:00:00', '14:30:00', 77, ''),
(557, '14:30:00', '15:00:00', 77, ''),
(558, '15:00:00', '15:30:00', 77, ''),
(559, '15:30:00', '16:00:00', 77, ''),
(560, '16:00:00', '16:30:00', 77, ''),
(561, '16:30:00', '17:00:00', 77, ''),
(562, '17:00:00', '17:30:00', 77, ''),
(563, '09:00:00', '09:30:00', 78, ''),
(564, '09:30:00', '10:00:00', 78, ''),
(565, '10:00:00', '10:30:00', 78, ''),
(566, '10:30:00', '11:00:00', 78, ''),
(567, '11:00:00', '11:30:00', 78, ''),
(568, '11:30:00', '12:00:00', 78, ''),
(569, '12:00:00', '12:30:00', 78, ''),
(570, '12:30:00', '13:00:00', 78, ''),
(571, '13:00:00', '13:30:00', 78, ''),
(572, '13:30:00', '14:00:00', 78, ''),
(573, '14:00:00', '14:30:00', 78, ''),
(574, '14:30:00', '15:00:00', 78, ''),
(575, '15:00:00', '15:30:00', 78, ''),
(576, '09:00:00', '09:30:00', 79, ''),
(577, '09:30:00', '10:00:00', 79, ''),
(578, '10:00:00', '10:30:00', 79, ''),
(579, '10:30:00', '11:00:00', 79, ''),
(580, '11:00:00', '11:30:00', 79, ''),
(581, '11:30:00', '12:00:00', 79, ''),
(582, '12:00:00', '12:30:00', 79, ''),
(583, '12:30:00', '13:00:00', 79, ''),
(584, '13:00:00', '13:30:00', 79, ''),
(585, '13:30:00', '14:00:00', 79, ''),
(586, '14:00:00', '14:30:00', 79, ''),
(587, '13:00:00', '13:30:00', 77, ''),
(588, '13:00:00', '13:30:00', 77, ''),
(589, '13:00:00', '13:30:00', 77, ''),
(590, '13:00:00', '13:30:00', 77, ''),
(591, '13:00:00', '13:30:00', 77, ''),
(592, '13:30:00', '14:00:00', 77, ''),
(593, '13:30:00', '14:00:00', 77, ''),
(594, '14:00:00', '14:30:00', 77, ''),
(595, '14:00:00', '14:30:00', 77, ''),
(596, '14:30:00', '15:00:00', 77, ''),
(597, '14:30:00', '15:00:00', 77, ''),
(598, '15:00:00', '15:30:00', 77, ''),
(599, '15:00:00', '15:30:00', 77, ''),
(600, '15:30:00', '16:00:00', 77, ''),
(601, '15:30:00', '16:00:00', 77, ''),
(602, '16:00:00', '16:30:00', 77, ''),
(603, '16:00:00', '16:30:00', 77, ''),
(604, '16:30:00', '17:00:00', 77, ''),
(605, '16:30:00', '17:00:00', 77, ''),
(606, '17:00:00', '17:30:00', 77, ''),
(607, '17:00:00', '17:30:00', 77, ''),
(608, '09:00:00', '09:30:00', 78, ''),
(609, '09:00:00', '09:30:00', 78, ''),
(610, '09:30:00', '10:00:00', 78, ''),
(611, '09:30:00', '10:00:00', 78, ''),
(612, '10:00:00', '10:30:00', 78, ''),
(613, '10:00:00', '10:30:00', 78, ''),
(614, '13:00:00', '13:30:00', 77, ''),
(615, '13:00:00', '13:30:00', 77, ''),
(616, '13:30:00', '14:00:00', 77, ''),
(617, '13:30:00', '14:00:00', 77, ''),
(618, '14:00:00', '14:30:00', 77, ''),
(619, '14:00:00', '14:30:00', 77, ''),
(620, '14:30:00', '15:00:00', 77, ''),
(621, '14:30:00', '15:00:00', 77, ''),
(622, '15:00:00', '15:30:00', 77, ''),
(623, '15:00:00', '15:30:00', 77, ''),
(624, '15:30:00', '16:00:00', 77, ''),
(625, '15:30:00', '16:00:00', 77, ''),
(626, '16:00:00', '16:30:00', 77, ''),
(627, '16:00:00', '16:30:00', 77, ''),
(628, '16:30:00', '17:00:00', 77, ''),
(629, '16:30:00', '17:00:00', 77, ''),
(630, '17:00:00', '17:30:00', 77, ''),
(631, '17:00:00', '17:30:00', 77, ''),
(632, '09:00:00', '09:30:00', 78, ''),
(633, '09:00:00', '09:30:00', 78, ''),
(634, '09:30:00', '10:00:00', 78, ''),
(635, '09:30:00', '10:00:00', 78, ''),
(636, '10:00:00', '10:30:00', 78, ''),
(637, '10:00:00', '10:30:00', 78, ''),
(638, '10:30:00', '11:00:00', 78, ''),
(639, '10:30:00', '11:00:00', 78, ''),
(640, '11:00:00', '11:30:00', 78, ''),
(641, '11:00:00', '11:30:00', 78, ''),
(642, '11:30:00', '12:00:00', 78, ''),
(643, '11:30:00', '12:00:00', 78, ''),
(644, '12:00:00', '12:30:00', 78, ''),
(645, '12:00:00', '12:30:00', 78, ''),
(646, '12:30:00', '13:00:00', 78, ''),
(647, '12:30:00', '13:00:00', 78, ''),
(648, '13:00:00', '13:30:00', 78, ''),
(649, '13:00:00', '13:30:00', 78, ''),
(650, '13:30:00', '14:00:00', 78, ''),
(651, '13:30:00', '14:00:00', 78, ''),
(652, '14:00:00', '14:30:00', 78, ''),
(653, '14:00:00', '14:30:00', 78, ''),
(654, '14:30:00', '15:00:00', 78, ''),
(655, '14:30:00', '15:00:00', 78, ''),
(656, '15:00:00', '15:30:00', 78, ''),
(657, '15:00:00', '15:30:00', 78, ''),
(658, '09:00:00', '09:30:00', 79, ''),
(659, '09:00:00', '09:30:00', 79, ''),
(660, '09:30:00', '10:00:00', 79, ''),
(661, '09:30:00', '10:00:00', 79, ''),
(662, '10:00:00', '10:30:00', 79, ''),
(663, '10:00:00', '10:30:00', 79, ''),
(664, '10:30:00', '11:00:00', 79, ''),
(665, '10:30:00', '11:00:00', 79, ''),
(666, '11:00:00', '11:30:00', 79, ''),
(667, '11:00:00', '11:30:00', 79, ''),
(668, '11:30:00', '12:00:00', 79, ''),
(669, '11:30:00', '12:00:00', 79, ''),
(670, '12:00:00', '12:30:00', 79, ''),
(671, '12:00:00', '12:30:00', 79, ''),
(672, '12:30:00', '13:00:00', 79, ''),
(673, '12:30:00', '13:00:00', 79, ''),
(674, '13:00:00', '13:30:00', 79, ''),
(675, '13:00:00', '13:30:00', 79, ''),
(676, '13:30:00', '14:00:00', 79, ''),
(677, '13:30:00', '14:00:00', 79, ''),
(678, '14:00:00', '14:30:00', 79, ''),
(679, '14:00:00', '14:30:00', 79, ''),
(680, '13:00:00', '13:30:00', 77, ''),
(681, '13:00:00', '13:30:00', 77, ''),
(682, '13:30:00', '14:00:00', 77, ''),
(683, '13:30:00', '14:00:00', 77, ''),
(684, '14:00:00', '14:30:00', 77, ''),
(685, '14:00:00', '14:30:00', 77, ''),
(686, '14:30:00', '15:00:00', 77, ''),
(687, '14:30:00', '15:00:00', 77, ''),
(688, '15:00:00', '15:30:00', 77, ''),
(689, '15:00:00', '15:30:00', 77, ''),
(690, '15:30:00', '16:00:00', 77, ''),
(691, '15:30:00', '16:00:00', 77, ''),
(692, '16:00:00', '16:30:00', 77, ''),
(693, '16:00:00', '16:30:00', 77, ''),
(694, '16:30:00', '17:00:00', 77, ''),
(695, '16:30:00', '17:00:00', 77, ''),
(696, '17:00:00', '17:30:00', 77, ''),
(697, '17:00:00', '17:30:00', 77, ''),
(698, '09:00:00', '09:30:00', 78, ''),
(699, '09:00:00', '09:30:00', 78, ''),
(700, '09:30:00', '10:00:00', 78, ''),
(701, '09:30:00', '10:00:00', 78, ''),
(702, '10:00:00', '10:30:00', 78, ''),
(703, '10:00:00', '10:30:00', 78, ''),
(704, '10:30:00', '11:00:00', 78, ''),
(705, '10:30:00', '11:00:00', 78, ''),
(706, '11:00:00', '11:30:00', 78, ''),
(707, '11:00:00', '11:30:00', 78, ''),
(708, '11:30:00', '12:00:00', 78, ''),
(709, '11:30:00', '12:00:00', 78, ''),
(710, '12:00:00', '12:30:00', 78, ''),
(711, '12:00:00', '12:30:00', 78, ''),
(712, '12:30:00', '13:00:00', 78, ''),
(713, '12:30:00', '13:00:00', 78, ''),
(714, '13:00:00', '13:30:00', 78, ''),
(715, '13:00:00', '13:30:00', 78, ''),
(716, '13:30:00', '14:00:00', 78, ''),
(717, '13:30:00', '14:00:00', 78, ''),
(718, '14:00:00', '14:30:00', 78, ''),
(719, '14:00:00', '14:30:00', 78, ''),
(720, '14:30:00', '15:00:00', 78, ''),
(721, '14:30:00', '15:00:00', 78, ''),
(722, '15:00:00', '15:30:00', 78, ''),
(723, '15:00:00', '15:30:00', 78, ''),
(724, '09:00:00', '09:30:00', 79, ''),
(725, '09:00:00', '09:30:00', 79, ''),
(726, '09:30:00', '10:00:00', 79, ''),
(727, '09:30:00', '10:00:00', 79, ''),
(728, '10:00:00', '10:30:00', 79, ''),
(729, '10:00:00', '10:30:00', 79, ''),
(730, '10:30:00', '11:00:00', 79, ''),
(731, '10:30:00', '11:00:00', 79, ''),
(732, '11:00:00', '11:30:00', 79, ''),
(733, '11:00:00', '11:30:00', 79, ''),
(734, '11:30:00', '12:00:00', 79, ''),
(735, '11:30:00', '12:00:00', 79, ''),
(736, '12:00:00', '12:30:00', 79, ''),
(737, '12:00:00', '12:30:00', 79, ''),
(738, '12:30:00', '13:00:00', 79, ''),
(739, '12:30:00', '13:00:00', 79, ''),
(740, '13:00:00', '13:30:00', 79, ''),
(741, '13:00:00', '13:30:00', 79, ''),
(742, '13:30:00', '14:00:00', 79, ''),
(743, '13:30:00', '14:00:00', 79, ''),
(744, '14:00:00', '14:30:00', 79, ''),
(745, '14:00:00', '14:30:00', 79, ''),
(746, '13:00:00', '13:30:00', 77, ''),
(747, '13:00:00', '13:30:00', 77, ''),
(748, '13:30:00', '14:00:00', 77, ''),
(749, '13:30:00', '14:00:00', 77, ''),
(750, '14:00:00', '14:30:00', 77, ''),
(751, '14:00:00', '14:30:00', 77, ''),
(752, '14:30:00', '15:00:00', 77, ''),
(753, '14:30:00', '15:00:00', 77, ''),
(754, '15:00:00', '15:30:00', 77, ''),
(755, '15:00:00', '15:30:00', 77, ''),
(756, '15:30:00', '16:00:00', 77, ''),
(757, '15:30:00', '16:00:00', 77, ''),
(758, '16:00:00', '16:30:00', 77, ''),
(759, '16:00:00', '16:30:00', 77, ''),
(760, '16:30:00', '17:00:00', 77, ''),
(761, '16:30:00', '17:00:00', 77, ''),
(762, '17:00:00', '17:30:00', 77, ''),
(763, '17:00:00', '17:30:00', 77, ''),
(764, '09:00:00', '09:30:00', 78, ''),
(765, '09:00:00', '09:30:00', 78, ''),
(766, '09:30:00', '10:00:00', 78, ''),
(767, '09:30:00', '10:00:00', 78, ''),
(768, '10:00:00', '10:30:00', 78, ''),
(769, '10:00:00', '10:30:00', 78, ''),
(770, '10:30:00', '11:00:00', 78, ''),
(771, '10:30:00', '11:00:00', 78, ''),
(772, '11:00:00', '11:30:00', 78, ''),
(773, '11:00:00', '11:30:00', 78, ''),
(774, '11:30:00', '12:00:00', 78, ''),
(775, '11:30:00', '12:00:00', 78, ''),
(776, '12:00:00', '12:30:00', 78, ''),
(777, '12:00:00', '12:30:00', 78, ''),
(778, '12:30:00', '13:00:00', 78, ''),
(779, '12:30:00', '13:00:00', 78, ''),
(780, '13:00:00', '13:30:00', 78, ''),
(781, '13:00:00', '13:30:00', 78, ''),
(782, '13:30:00', '14:00:00', 78, ''),
(783, '13:30:00', '14:00:00', 78, ''),
(784, '14:00:00', '14:30:00', 78, ''),
(785, '14:00:00', '14:30:00', 78, ''),
(786, '14:30:00', '15:00:00', 78, ''),
(787, '14:30:00', '15:00:00', 78, ''),
(788, '15:00:00', '15:30:00', 78, ''),
(789, '15:00:00', '15:30:00', 78, ''),
(790, '09:00:00', '09:30:00', 79, ''),
(791, '09:00:00', '09:30:00', 79, ''),
(792, '09:30:00', '10:00:00', 79, ''),
(793, '09:30:00', '10:00:00', 79, ''),
(794, '10:00:00', '10:30:00', 79, ''),
(795, '10:00:00', '10:30:00', 79, ''),
(796, '10:30:00', '11:00:00', 79, ''),
(797, '10:30:00', '11:00:00', 79, ''),
(798, '11:00:00', '11:30:00', 79, ''),
(799, '11:00:00', '11:30:00', 79, ''),
(800, '11:30:00', '12:00:00', 79, ''),
(801, '11:30:00', '12:00:00', 79, ''),
(802, '12:00:00', '12:30:00', 79, ''),
(803, '12:00:00', '12:30:00', 79, ''),
(804, '12:30:00', '13:00:00', 79, ''),
(805, '12:30:00', '13:00:00', 79, ''),
(806, '13:00:00', '13:30:00', 79, ''),
(807, '13:00:00', '13:30:00', 79, ''),
(808, '13:30:00', '14:00:00', 79, ''),
(809, '13:30:00', '14:00:00', 79, ''),
(810, '14:00:00', '14:30:00', 79, ''),
(811, '14:00:00', '14:30:00', 79, ''),
(812, '13:00:00', '13:30:00', 77, ''),
(813, '13:00:00', '13:30:00', 77, ''),
(814, '13:30:00', '14:00:00', 77, ''),
(815, '13:30:00', '14:00:00', 77, ''),
(816, '14:00:00', '14:30:00', 77, ''),
(817, '14:00:00', '14:30:00', 77, ''),
(818, '14:30:00', '15:00:00', 77, ''),
(819, '14:30:00', '15:00:00', 77, ''),
(820, '15:00:00', '15:30:00', 77, ''),
(821, '15:00:00', '15:30:00', 77, ''),
(822, '15:30:00', '16:00:00', 77, ''),
(823, '15:30:00', '16:00:00', 77, ''),
(824, '16:00:00', '16:30:00', 77, ''),
(825, '16:00:00', '16:30:00', 77, ''),
(826, '16:30:00', '17:00:00', 77, ''),
(827, '16:30:00', '17:00:00', 77, ''),
(828, '17:00:00', '17:30:00', 77, ''),
(829, '17:00:00', '17:30:00', 77, ''),
(830, '09:00:00', '09:30:00', 78, ''),
(831, '09:00:00', '09:30:00', 78, ''),
(832, '09:30:00', '10:00:00', 78, ''),
(833, '09:30:00', '10:00:00', 78, ''),
(834, '10:00:00', '10:30:00', 78, ''),
(835, '10:00:00', '10:30:00', 78, ''),
(836, '10:30:00', '11:00:00', 78, ''),
(837, '10:30:00', '11:00:00', 78, ''),
(838, '11:00:00', '11:30:00', 78, ''),
(839, '11:00:00', '11:30:00', 78, ''),
(840, '11:30:00', '12:00:00', 78, ''),
(841, '11:30:00', '12:00:00', 78, ''),
(842, '12:00:00', '12:30:00', 78, ''),
(843, '12:00:00', '12:30:00', 78, ''),
(844, '12:30:00', '13:00:00', 78, ''),
(845, '12:30:00', '13:00:00', 78, ''),
(846, '13:00:00', '13:30:00', 78, ''),
(847, '13:00:00', '13:30:00', 78, ''),
(848, '13:30:00', '14:00:00', 78, ''),
(849, '13:30:00', '14:00:00', 78, ''),
(850, '14:00:00', '14:30:00', 78, ''),
(851, '14:00:00', '14:30:00', 78, ''),
(852, '14:30:00', '15:00:00', 78, ''),
(853, '14:30:00', '15:00:00', 78, ''),
(854, '15:00:00', '15:30:00', 78, ''),
(855, '15:00:00', '15:30:00', 78, ''),
(856, '09:00:00', '09:30:00', 79, ''),
(857, '09:00:00', '09:30:00', 79, ''),
(858, '09:30:00', '10:00:00', 79, ''),
(859, '09:30:00', '10:00:00', 79, ''),
(860, '10:00:00', '10:30:00', 79, ''),
(861, '10:00:00', '10:30:00', 79, ''),
(862, '10:30:00', '11:00:00', 79, ''),
(863, '10:30:00', '11:00:00', 79, ''),
(864, '11:00:00', '11:30:00', 79, ''),
(865, '11:00:00', '11:30:00', 79, ''),
(866, '11:30:00', '12:00:00', 79, ''),
(867, '11:30:00', '12:00:00', 79, ''),
(868, '12:00:00', '12:30:00', 79, ''),
(869, '12:00:00', '12:30:00', 79, ''),
(870, '12:30:00', '13:00:00', 79, ''),
(871, '12:30:00', '13:00:00', 79, ''),
(872, '13:00:00', '13:30:00', 79, ''),
(873, '13:00:00', '13:30:00', 79, ''),
(874, '13:30:00', '14:00:00', 79, ''),
(875, '13:30:00', '14:00:00', 79, ''),
(876, '14:00:00', '14:30:00', 79, ''),
(877, '14:00:00', '14:30:00', 79, ''),
(878, '13:00:00', '13:30:00', 77, ''),
(879, '13:00:00', '13:30:00', 77, ''),
(880, '13:30:00', '14:00:00', 77, ''),
(881, '13:30:00', '14:00:00', 77, ''),
(882, '14:00:00', '14:30:00', 77, ''),
(883, '14:00:00', '14:30:00', 77, ''),
(884, '14:30:00', '15:00:00', 77, ''),
(885, '14:30:00', '15:00:00', 77, ''),
(886, '15:00:00', '15:30:00', 77, ''),
(887, '15:00:00', '15:30:00', 77, ''),
(888, '15:30:00', '16:00:00', 77, ''),
(889, '15:30:00', '16:00:00', 77, ''),
(890, '16:00:00', '16:30:00', 77, ''),
(891, '16:00:00', '16:30:00', 77, ''),
(892, '16:30:00', '17:00:00', 77, ''),
(893, '16:30:00', '17:00:00', 77, ''),
(894, '17:00:00', '17:30:00', 77, ''),
(895, '17:00:00', '17:30:00', 77, ''),
(896, '09:00:00', '09:30:00', 78, ''),
(897, '09:00:00', '09:30:00', 78, ''),
(898, '09:30:00', '10:00:00', 78, ''),
(899, '09:30:00', '10:00:00', 78, ''),
(900, '10:00:00', '10:30:00', 78, ''),
(901, '10:00:00', '10:30:00', 78, ''),
(902, '10:30:00', '11:00:00', 78, ''),
(903, '10:30:00', '11:00:00', 78, ''),
(904, '11:00:00', '11:30:00', 78, ''),
(905, '11:00:00', '11:30:00', 78, ''),
(906, '11:30:00', '12:00:00', 78, ''),
(907, '11:30:00', '12:00:00', 78, ''),
(908, '12:00:00', '12:30:00', 78, ''),
(909, '12:00:00', '12:30:00', 78, ''),
(910, '12:30:00', '13:00:00', 78, ''),
(911, '12:30:00', '13:00:00', 78, ''),
(912, '13:00:00', '13:30:00', 78, ''),
(913, '13:00:00', '13:30:00', 78, ''),
(914, '13:30:00', '14:00:00', 78, ''),
(915, '13:30:00', '14:00:00', 78, ''),
(916, '14:00:00', '14:30:00', 78, ''),
(917, '14:00:00', '14:30:00', 78, ''),
(918, '14:30:00', '15:00:00', 78, ''),
(919, '14:30:00', '15:00:00', 78, ''),
(920, '15:00:00', '15:30:00', 78, ''),
(921, '15:00:00', '15:30:00', 78, ''),
(922, '09:00:00', '09:30:00', 79, ''),
(923, '09:00:00', '09:30:00', 79, ''),
(924, '09:30:00', '10:00:00', 79, ''),
(925, '09:30:00', '10:00:00', 79, ''),
(926, '10:00:00', '10:30:00', 79, ''),
(927, '10:00:00', '10:30:00', 79, ''),
(928, '10:30:00', '11:00:00', 79, ''),
(929, '10:30:00', '11:00:00', 79, ''),
(930, '11:00:00', '11:30:00', 79, ''),
(931, '11:00:00', '11:30:00', 79, ''),
(932, '11:30:00', '12:00:00', 79, ''),
(933, '11:30:00', '12:00:00', 79, ''),
(934, '12:00:00', '12:30:00', 79, ''),
(935, '12:00:00', '12:30:00', 79, ''),
(936, '12:30:00', '13:00:00', 79, ''),
(937, '12:30:00', '13:00:00', 79, ''),
(938, '13:00:00', '13:30:00', 79, ''),
(939, '13:00:00', '13:30:00', 79, ''),
(940, '13:30:00', '14:00:00', 79, ''),
(941, '13:30:00', '14:00:00', 79, ''),
(942, '14:00:00', '14:30:00', 79, ''),
(943, '14:00:00', '14:30:00', 79, ''),
(944, '13:00:00', '13:30:00', 77, ''),
(945, '13:00:00', '13:30:00', 77, ''),
(946, '13:30:00', '14:00:00', 77, ''),
(947, '13:30:00', '14:00:00', 77, ''),
(948, '14:00:00', '14:30:00', 77, ''),
(949, '14:00:00', '14:30:00', 77, ''),
(950, '14:30:00', '15:00:00', 77, ''),
(951, '14:30:00', '15:00:00', 77, ''),
(952, '15:00:00', '15:30:00', 77, ''),
(953, '15:00:00', '15:30:00', 77, ''),
(954, '15:30:00', '16:00:00', 77, ''),
(955, '15:30:00', '16:00:00', 77, ''),
(956, '16:00:00', '16:30:00', 77, ''),
(957, '16:00:00', '16:30:00', 77, ''),
(958, '16:30:00', '17:00:00', 77, ''),
(959, '16:30:00', '17:00:00', 77, ''),
(960, '17:00:00', '17:30:00', 77, ''),
(961, '17:00:00', '17:30:00', 77, ''),
(962, '09:00:00', '09:30:00', 78, ''),
(963, '09:00:00', '09:30:00', 78, ''),
(964, '09:30:00', '10:00:00', 78, ''),
(965, '09:30:00', '10:00:00', 78, ''),
(966, '10:00:00', '10:30:00', 78, ''),
(967, '10:00:00', '10:30:00', 78, ''),
(968, '10:30:00', '11:00:00', 78, ''),
(969, '10:30:00', '11:00:00', 78, ''),
(970, '11:00:00', '11:30:00', 78, ''),
(971, '11:00:00', '11:30:00', 78, ''),
(972, '11:30:00', '12:00:00', 78, ''),
(973, '11:30:00', '12:00:00', 78, ''),
(974, '12:00:00', '12:30:00', 78, ''),
(975, '12:00:00', '12:30:00', 78, ''),
(976, '12:30:00', '13:00:00', 78, ''),
(977, '12:30:00', '13:00:00', 78, ''),
(978, '13:00:00', '13:30:00', 78, ''),
(979, '13:00:00', '13:30:00', 78, ''),
(980, '13:30:00', '14:00:00', 78, ''),
(981, '13:30:00', '14:00:00', 78, ''),
(982, '14:00:00', '14:30:00', 78, ''),
(983, '14:00:00', '14:30:00', 78, ''),
(984, '14:30:00', '15:00:00', 78, ''),
(985, '14:30:00', '15:00:00', 78, ''),
(986, '15:00:00', '15:30:00', 78, ''),
(987, '15:00:00', '15:30:00', 78, ''),
(988, '09:00:00', '09:30:00', 79, ''),
(989, '09:00:00', '09:30:00', 79, ''),
(990, '09:30:00', '10:00:00', 79, ''),
(991, '09:30:00', '10:00:00', 79, ''),
(992, '10:00:00', '10:30:00', 79, ''),
(993, '10:00:00', '10:30:00', 79, ''),
(994, '10:30:00', '11:00:00', 79, ''),
(995, '10:30:00', '11:00:00', 79, ''),
(996, '11:00:00', '11:30:00', 79, ''),
(997, '11:00:00', '11:30:00', 79, ''),
(998, '11:30:00', '12:00:00', 79, ''),
(999, '11:30:00', '12:00:00', 79, ''),
(1000, '12:00:00', '12:30:00', 79, ''),
(1001, '12:00:00', '12:30:00', 79, ''),
(1002, '12:30:00', '13:00:00', 79, ''),
(1003, '12:30:00', '13:00:00', 79, ''),
(1004, '13:00:00', '13:30:00', 79, ''),
(1005, '13:00:00', '13:30:00', 79, ''),
(1006, '13:30:00', '14:00:00', 79, ''),
(1007, '13:30:00', '14:00:00', 79, ''),
(1008, '14:00:00', '14:30:00', 79, ''),
(1009, '14:00:00', '14:30:00', 79, ''),
(1010, '13:00:00', '13:30:00', 77, ''),
(1011, '13:00:00', '13:30:00', 77, ''),
(1012, '13:30:00', '14:00:00', 77, ''),
(1013, '13:30:00', '14:00:00', 77, ''),
(1014, '14:00:00', '14:30:00', 77, ''),
(1015, '14:00:00', '14:30:00', 77, ''),
(1016, '14:30:00', '15:00:00', 77, ''),
(1017, '14:30:00', '15:00:00', 77, ''),
(1018, '15:00:00', '15:30:00', 77, ''),
(1019, '15:00:00', '15:30:00', 77, ''),
(1020, '15:30:00', '16:00:00', 77, ''),
(1021, '15:30:00', '16:00:00', 77, ''),
(1022, '16:00:00', '16:30:00', 77, ''),
(1023, '16:00:00', '16:30:00', 77, ''),
(1024, '16:30:00', '17:00:00', 77, ''),
(1025, '16:30:00', '17:00:00', 77, ''),
(1026, '17:00:00', '17:30:00', 77, ''),
(1027, '17:00:00', '17:30:00', 77, ''),
(1028, '09:00:00', '09:30:00', 78, ''),
(1029, '09:00:00', '09:30:00', 78, ''),
(1030, '09:30:00', '10:00:00', 78, ''),
(1031, '09:30:00', '10:00:00', 78, ''),
(1032, '10:00:00', '10:30:00', 78, ''),
(1033, '10:00:00', '10:30:00', 78, ''),
(1034, '13:00:00', '13:30:00', 77, ''),
(1035, '13:00:00', '13:30:00', 77, ''),
(1036, '13:30:00', '14:00:00', 77, ''),
(1037, '13:30:00', '14:00:00', 77, ''),
(1038, '14:00:00', '14:30:00', 77, ''),
(1039, '14:00:00', '14:30:00', 77, ''),
(1040, '14:30:00', '15:00:00', 77, ''),
(1041, '14:30:00', '15:00:00', 77, ''),
(1042, '15:00:00', '15:30:00', 77, ''),
(1043, '15:00:00', '15:30:00', 77, ''),
(1044, '15:30:00', '16:00:00', 77, ''),
(1045, '15:30:00', '16:00:00', 77, ''),
(1046, '16:00:00', '16:30:00', 77, ''),
(1047, '16:00:00', '16:30:00', 77, ''),
(1048, '16:30:00', '17:00:00', 77, ''),
(1049, '16:30:00', '17:00:00', 77, ''),
(1050, '17:00:00', '17:30:00', 77, ''),
(1051, '17:00:00', '17:30:00', 77, ''),
(1052, '09:00:00', '09:30:00', 78, ''),
(1053, '09:00:00', '09:30:00', 78, ''),
(1054, '09:30:00', '10:00:00', 78, ''),
(1055, '09:30:00', '10:00:00', 78, ''),
(1056, '10:00:00', '10:30:00', 78, ''),
(1057, '10:00:00', '10:30:00', 78, ''),
(1058, '13:00:00', '13:30:00', 77, ''),
(1059, '13:00:00', '13:30:00', 77, ''),
(1060, '13:30:00', '14:00:00', 77, ''),
(1061, '13:30:00', '14:00:00', 77, ''),
(1062, '14:00:00', '14:30:00', 77, ''),
(1063, '14:00:00', '14:30:00', 77, ''),
(1064, '14:30:00', '15:00:00', 77, ''),
(1065, '14:30:00', '15:00:00', 77, ''),
(1066, '15:00:00', '15:30:00', 77, ''),
(1067, '15:00:00', '15:30:00', 77, ''),
(1068, '15:30:00', '16:00:00', 77, ''),
(1069, '15:30:00', '16:00:00', 77, ''),
(1070, '16:00:00', '16:30:00', 77, ''),
(1071, '16:00:00', '16:30:00', 77, ''),
(1072, '16:30:00', '17:00:00', 77, ''),
(1073, '16:30:00', '17:00:00', 77, ''),
(1074, '17:00:00', '17:30:00', 77, ''),
(1075, '17:00:00', '17:30:00', 77, ''),
(1076, '09:00:00', '09:30:00', 78, ''),
(1077, '09:00:00', '09:30:00', 78, ''),
(1078, '09:30:00', '10:00:00', 78, ''),
(1079, '09:30:00', '10:00:00', 78, ''),
(1080, '10:00:00', '10:30:00', 78, ''),
(1081, '10:00:00', '10:30:00', 78, ''),
(1082, '10:30:00', '11:00:00', 78, ''),
(1083, '10:30:00', '11:00:00', 78, ''),
(1084, '11:00:00', '11:30:00', 78, ''),
(1085, '11:00:00', '11:30:00', 78, ''),
(1086, '11:30:00', '12:00:00', 78, ''),
(1087, '11:30:00', '12:00:00', 78, ''),
(1088, '12:00:00', '12:30:00', 78, ''),
(1089, '12:00:00', '12:30:00', 78, ''),
(1090, '12:30:00', '13:00:00', 78, ''),
(1091, '12:30:00', '13:00:00', 78, ''),
(1092, '13:00:00', '13:30:00', 78, ''),
(1093, '13:00:00', '13:30:00', 78, ''),
(1094, '13:30:00', '14:00:00', 78, ''),
(1095, '13:30:00', '14:00:00', 78, ''),
(1096, '14:00:00', '14:30:00', 78, ''),
(1097, '14:00:00', '14:30:00', 78, ''),
(1098, '14:30:00', '15:00:00', 78, ''),
(1099, '14:30:00', '15:00:00', 78, ''),
(1100, '15:00:00', '15:30:00', 78, ''),
(1101, '15:00:00', '15:30:00', 78, ''),
(1102, '09:00:00', '09:30:00', 79, ''),
(1103, '09:00:00', '09:30:00', 79, ''),
(1104, '09:30:00', '10:00:00', 79, ''),
(1105, '09:30:00', '10:00:00', 79, ''),
(1106, '10:00:00', '10:30:00', 79, ''),
(1107, '10:00:00', '10:30:00', 79, ''),
(1108, '10:30:00', '11:00:00', 79, ''),
(1109, '10:30:00', '11:00:00', 79, ''),
(1110, '11:00:00', '11:30:00', 79, ''),
(1111, '11:00:00', '11:30:00', 79, ''),
(1112, '11:30:00', '12:00:00', 79, ''),
(1113, '11:30:00', '12:00:00', 79, ''),
(1114, '12:00:00', '12:30:00', 79, ''),
(1115, '12:00:00', '12:30:00', 79, ''),
(1116, '12:30:00', '13:00:00', 79, ''),
(1117, '12:30:00', '13:00:00', 79, ''),
(1118, '13:00:00', '13:30:00', 79, ''),
(1119, '13:00:00', '13:30:00', 79, ''),
(1120, '13:30:00', '14:00:00', 79, ''),
(1121, '13:30:00', '14:00:00', 79, ''),
(1122, '14:00:00', '14:30:00', 79, ''),
(1123, '14:00:00', '14:30:00', 79, ''),
(1124, '13:00:00', '13:30:00', 77, ''),
(1125, '13:00:00', '13:30:00', 77, ''),
(1126, '13:30:00', '14:00:00', 77, ''),
(1127, '13:30:00', '14:00:00', 77, ''),
(1128, '14:00:00', '14:30:00', 77, ''),
(1129, '14:00:00', '14:30:00', 77, ''),
(1130, '14:30:00', '15:00:00', 77, ''),
(1131, '14:30:00', '15:00:00', 77, ''),
(1132, '15:00:00', '15:30:00', 77, ''),
(1133, '15:00:00', '15:30:00', 77, ''),
(1134, '15:30:00', '16:00:00', 77, ''),
(1135, '15:30:00', '16:00:00', 77, ''),
(1136, '16:00:00', '16:30:00', 77, ''),
(1137, '16:00:00', '16:30:00', 77, ''),
(1138, '16:30:00', '17:00:00', 77, ''),
(1139, '16:30:00', '17:00:00', 77, ''),
(1140, '17:00:00', '17:30:00', 77, ''),
(1141, '17:00:00', '17:30:00', 77, ''),
(1142, '09:00:00', '09:30:00', 78, ''),
(1143, '09:00:00', '09:30:00', 78, ''),
(1144, '09:30:00', '10:00:00', 78, ''),
(1145, '09:30:00', '10:00:00', 78, ''),
(1146, '10:00:00', '10:30:00', 78, ''),
(1147, '10:00:00', '10:30:00', 78, ''),
(1148, '10:30:00', '11:00:00', 78, ''),
(1149, '10:30:00', '11:00:00', 78, ''),
(1150, '11:00:00', '11:30:00', 78, ''),
(1151, '11:00:00', '11:30:00', 78, ''),
(1152, '11:30:00', '12:00:00', 78, ''),
(1153, '11:30:00', '12:00:00', 78, ''),
(1154, '12:00:00', '12:30:00', 78, ''),
(1155, '12:00:00', '12:30:00', 78, ''),
(1156, '12:30:00', '13:00:00', 78, ''),
(1157, '12:30:00', '13:00:00', 78, ''),
(1158, '13:00:00', '13:30:00', 78, ''),
(1159, '13:00:00', '13:30:00', 78, ''),
(1160, '13:30:00', '14:00:00', 78, ''),
(1161, '13:30:00', '14:00:00', 78, ''),
(1162, '14:00:00', '14:30:00', 78, ''),
(1163, '14:00:00', '14:30:00', 78, ''),
(1164, '14:30:00', '15:00:00', 78, ''),
(1165, '14:30:00', '15:00:00', 78, ''),
(1166, '15:00:00', '15:30:00', 78, ''),
(1167, '15:00:00', '15:30:00', 78, ''),
(1168, '09:00:00', '09:30:00', 79, ''),
(1169, '09:00:00', '09:30:00', 79, ''),
(1170, '09:30:00', '10:00:00', 79, ''),
(1171, '09:30:00', '10:00:00', 79, ''),
(1172, '10:00:00', '10:30:00', 79, ''),
(1173, '10:00:00', '10:30:00', 79, ''),
(1174, '10:30:00', '11:00:00', 79, ''),
(1175, '10:30:00', '11:00:00', 79, ''),
(1176, '11:00:00', '11:30:00', 79, ''),
(1177, '11:00:00', '11:30:00', 79, ''),
(1178, '11:30:00', '12:00:00', 79, ''),
(1179, '11:30:00', '12:00:00', 79, ''),
(1180, '12:00:00', '12:30:00', 79, ''),
(1181, '12:00:00', '12:30:00', 79, ''),
(1182, '12:30:00', '13:00:00', 79, ''),
(1183, '12:30:00', '13:00:00', 79, ''),
(1184, '13:00:00', '13:30:00', 79, ''),
(1185, '13:00:00', '13:30:00', 79, ''),
(1186, '13:30:00', '14:00:00', 79, ''),
(1187, '13:30:00', '14:00:00', 79, ''),
(1188, '14:00:00', '14:30:00', 79, ''),
(1189, '14:00:00', '14:30:00', 79, ''),
(1190, '13:00:00', '13:30:00', 77, ''),
(1191, '13:00:00', '13:30:00', 77, ''),
(1192, '13:30:00', '14:00:00', 77, ''),
(1193, '13:30:00', '14:00:00', 77, ''),
(1194, '14:00:00', '14:30:00', 77, ''),
(1195, '14:00:00', '14:30:00', 77, ''),
(1196, '14:30:00', '15:00:00', 77, ''),
(1197, '14:30:00', '15:00:00', 77, ''),
(1198, '15:00:00', '15:30:00', 77, ''),
(1199, '15:00:00', '15:30:00', 77, ''),
(1200, '15:30:00', '16:00:00', 77, ''),
(1201, '15:30:00', '16:00:00', 77, ''),
(1202, '16:00:00', '16:30:00', 77, ''),
(1203, '16:00:00', '16:30:00', 77, ''),
(1204, '16:30:00', '17:00:00', 77, ''),
(1205, '16:30:00', '17:00:00', 77, ''),
(1206, '17:00:00', '17:30:00', 77, ''),
(1207, '17:00:00', '17:30:00', 77, ''),
(1208, '09:00:00', '09:30:00', 78, ''),
(1209, '09:00:00', '09:30:00', 78, ''),
(1210, '09:30:00', '10:00:00', 78, ''),
(1211, '09:30:00', '10:00:00', 78, ''),
(1212, '10:00:00', '10:30:00', 78, ''),
(1213, '10:00:00', '10:30:00', 78, ''),
(1214, '10:30:00', '11:00:00', 78, ''),
(1215, '10:30:00', '11:00:00', 78, ''),
(1216, '11:00:00', '11:30:00', 78, ''),
(1217, '11:00:00', '11:30:00', 78, ''),
(1218, '11:30:00', '12:00:00', 78, ''),
(1219, '11:30:00', '12:00:00', 78, ''),
(1220, '12:00:00', '12:30:00', 78, ''),
(1221, '12:00:00', '12:30:00', 78, ''),
(1222, '12:30:00', '13:00:00', 78, ''),
(1223, '12:30:00', '13:00:00', 78, ''),
(1224, '13:00:00', '13:30:00', 78, ''),
(1225, '13:00:00', '13:30:00', 78, ''),
(1226, '13:30:00', '14:00:00', 78, ''),
(1227, '13:30:00', '14:00:00', 78, ''),
(1228, '14:00:00', '14:30:00', 78, ''),
(1229, '14:00:00', '14:30:00', 78, ''),
(1230, '14:30:00', '15:00:00', 78, ''),
(1231, '14:30:00', '15:00:00', 78, ''),
(1232, '15:00:00', '15:30:00', 78, ''),
(1233, '15:00:00', '15:30:00', 78, ''),
(1234, '09:00:00', '09:30:00', 79, ''),
(1235, '09:00:00', '09:30:00', 79, ''),
(1236, '09:30:00', '10:00:00', 79, ''),
(1237, '09:30:00', '10:00:00', 79, ''),
(1238, '10:00:00', '10:30:00', 79, ''),
(1239, '10:00:00', '10:30:00', 79, ''),
(1240, '10:30:00', '11:00:00', 79, ''),
(1241, '10:30:00', '11:00:00', 79, ''),
(1242, '11:00:00', '11:30:00', 79, ''),
(1243, '11:00:00', '11:30:00', 79, ''),
(1244, '11:30:00', '12:00:00', 79, ''),
(1245, '11:30:00', '12:00:00', 79, ''),
(1246, '12:00:00', '12:30:00', 79, ''),
(1247, '12:00:00', '12:30:00', 79, ''),
(1248, '12:30:00', '13:00:00', 79, ''),
(1249, '12:30:00', '13:00:00', 79, ''),
(1250, '13:00:00', '13:30:00', 79, ''),
(1251, '13:00:00', '13:30:00', 79, ''),
(1252, '13:30:00', '14:00:00', 79, ''),
(1253, '13:30:00', '14:00:00', 79, ''),
(1254, '14:00:00', '14:30:00', 79, ''),
(1255, '14:00:00', '14:30:00', 79, ''),
(1256, '13:00:00', '13:30:00', 77, ''),
(1257, '13:00:00', '13:30:00', 77, ''),
(1258, '13:30:00', '14:00:00', 77, ''),
(1259, '13:30:00', '14:00:00', 77, ''),
(1260, '14:00:00', '14:30:00', 77, ''),
(1261, '14:00:00', '14:30:00', 77, ''),
(1262, '14:30:00', '15:00:00', 77, ''),
(1263, '14:30:00', '15:00:00', 77, ''),
(1264, '15:00:00', '15:30:00', 77, ''),
(1265, '15:00:00', '15:30:00', 77, ''),
(1266, '15:30:00', '16:00:00', 77, ''),
(1267, '15:30:00', '16:00:00', 77, ''),
(1268, '16:00:00', '16:30:00', 77, ''),
(1269, '16:00:00', '16:30:00', 77, ''),
(1270, '16:30:00', '17:00:00', 77, ''),
(1271, '16:30:00', '17:00:00', 77, ''),
(1272, '17:00:00', '17:30:00', 77, ''),
(1273, '17:00:00', '17:30:00', 77, ''),
(1274, '09:00:00', '09:30:00', 78, ''),
(1275, '09:00:00', '09:30:00', 78, ''),
(1276, '09:30:00', '10:00:00', 78, ''),
(1277, '09:30:00', '10:00:00', 78, ''),
(1278, '10:00:00', '10:30:00', 78, ''),
(1279, '10:00:00', '10:30:00', 78, ''),
(1280, '10:30:00', '11:00:00', 78, ''),
(1281, '10:30:00', '11:00:00', 78, ''),
(1282, '11:00:00', '11:30:00', 78, ''),
(1283, '11:00:00', '11:30:00', 78, ''),
(1284, '11:30:00', '12:00:00', 78, ''),
(1285, '11:30:00', '12:00:00', 78, ''),
(1286, '12:00:00', '12:30:00', 78, ''),
(1287, '12:00:00', '12:30:00', 78, ''),
(1288, '12:30:00', '13:00:00', 78, ''),
(1289, '12:30:00', '13:00:00', 78, ''),
(1290, '13:00:00', '13:30:00', 78, ''),
(1291, '13:00:00', '13:30:00', 78, ''),
(1292, '13:30:00', '14:00:00', 78, ''),
(1293, '13:30:00', '14:00:00', 78, ''),
(1294, '14:00:00', '14:30:00', 78, ''),
(1295, '14:00:00', '14:30:00', 78, ''),
(1296, '14:30:00', '15:00:00', 78, ''),
(1297, '14:30:00', '15:00:00', 78, ''),
(1298, '15:00:00', '15:30:00', 78, ''),
(1299, '15:00:00', '15:30:00', 78, ''),
(1300, '09:00:00', '09:30:00', 79, ''),
(1301, '09:00:00', '09:30:00', 79, ''),
(1302, '09:30:00', '10:00:00', 79, ''),
(1303, '09:30:00', '10:00:00', 79, ''),
(1304, '10:00:00', '10:30:00', 79, ''),
(1305, '10:00:00', '10:30:00', 79, ''),
(1306, '10:30:00', '11:00:00', 79, ''),
(1307, '10:30:00', '11:00:00', 79, ''),
(1308, '11:00:00', '11:30:00', 79, ''),
(1309, '11:00:00', '11:30:00', 79, ''),
(1310, '11:30:00', '12:00:00', 79, ''),
(1311, '11:30:00', '12:00:00', 79, ''),
(1312, '12:00:00', '12:30:00', 79, ''),
(1313, '12:00:00', '12:30:00', 79, ''),
(1314, '12:30:00', '13:00:00', 79, ''),
(1315, '12:30:00', '13:00:00', 79, ''),
(1316, '13:00:00', '13:30:00', 79, ''),
(1317, '13:00:00', '13:30:00', 79, ''),
(1318, '13:30:00', '14:00:00', 79, ''),
(1319, '13:30:00', '14:00:00', 79, ''),
(1320, '14:00:00', '14:30:00', 79, ''),
(1321, '14:00:00', '14:30:00', 79, ''),
(1322, '13:00:00', '13:30:00', 77, ''),
(1323, '13:00:00', '13:30:00', 77, ''),
(1324, '13:30:00', '14:00:00', 77, ''),
(1325, '13:30:00', '14:00:00', 77, ''),
(1326, '14:00:00', '14:30:00', 77, ''),
(1327, '14:00:00', '14:30:00', 77, ''),
(1328, '14:30:00', '15:00:00', 77, ''),
(1329, '14:30:00', '15:00:00', 77, ''),
(1330, '15:00:00', '15:30:00', 77, ''),
(1331, '15:00:00', '15:30:00', 77, ''),
(1332, '15:30:00', '16:00:00', 77, ''),
(1333, '15:30:00', '16:00:00', 77, ''),
(1334, '16:00:00', '16:30:00', 77, ''),
(1335, '16:00:00', '16:30:00', 77, ''),
(1336, '16:30:00', '17:00:00', 77, ''),
(1337, '16:30:00', '17:00:00', 77, ''),
(1338, '17:00:00', '17:30:00', 77, ''),
(1339, '17:00:00', '17:30:00', 77, ''),
(1340, '09:00:00', '09:30:00', 78, ''),
(1341, '09:00:00', '09:30:00', 78, ''),
(1342, '09:30:00', '10:00:00', 78, ''),
(1343, '09:30:00', '10:00:00', 78, ''),
(1344, '10:00:00', '10:30:00', 78, ''),
(1345, '10:00:00', '10:30:00', 78, ''),
(1346, '10:30:00', '11:00:00', 78, ''),
(1347, '10:30:00', '11:00:00', 78, ''),
(1348, '11:00:00', '11:30:00', 78, ''),
(1349, '11:00:00', '11:30:00', 78, ''),
(1350, '11:30:00', '12:00:00', 78, ''),
(1351, '11:30:00', '12:00:00', 78, ''),
(1352, '12:00:00', '12:30:00', 78, ''),
(1353, '12:00:00', '12:30:00', 78, ''),
(1354, '12:30:00', '13:00:00', 78, ''),
(1355, '12:30:00', '13:00:00', 78, ''),
(1356, '13:00:00', '13:30:00', 78, ''),
(1357, '13:00:00', '13:30:00', 78, ''),
(1358, '13:30:00', '14:00:00', 78, ''),
(1359, '13:30:00', '14:00:00', 78, ''),
(1360, '14:00:00', '14:30:00', 78, ''),
(1361, '14:00:00', '14:30:00', 78, ''),
(1362, '14:30:00', '15:00:00', 78, ''),
(1363, '14:30:00', '15:00:00', 78, ''),
(1364, '15:00:00', '15:30:00', 78, ''),
(1365, '15:00:00', '15:30:00', 78, ''),
(1366, '09:00:00', '09:30:00', 79, ''),
(1367, '09:00:00', '09:30:00', 79, ''),
(1368, '09:30:00', '10:00:00', 79, ''),
(1369, '09:30:00', '10:00:00', 79, ''),
(1370, '10:00:00', '10:30:00', 79, ''),
(1371, '10:00:00', '10:30:00', 79, ''),
(1372, '10:30:00', '11:00:00', 79, ''),
(1373, '10:30:00', '11:00:00', 79, ''),
(1374, '11:00:00', '11:30:00', 79, ''),
(1375, '11:00:00', '11:30:00', 79, ''),
(1376, '11:30:00', '12:00:00', 79, ''),
(1377, '11:30:00', '12:00:00', 79, ''),
(1378, '12:00:00', '12:30:00', 79, ''),
(1379, '12:00:00', '12:30:00', 79, ''),
(1380, '12:30:00', '13:00:00', 79, ''),
(1381, '12:30:00', '13:00:00', 79, ''),
(1382, '13:00:00', '13:30:00', 79, ''),
(1383, '13:00:00', '13:30:00', 79, ''),
(1384, '13:30:00', '14:00:00', 79, ''),
(1385, '13:30:00', '14:00:00', 79, ''),
(1386, '14:00:00', '14:30:00', 79, ''),
(1387, '14:00:00', '14:30:00', 79, '');

-- --------------------------------------------------------

--
-- Struktura tabulky `online_report`
--

CREATE TABLE IF NOT EXISTS `online_report` (
`id` int(11) NOT NULL,
  `match_id` int(11) NOT NULL,
  `message` text COLLATE utf8_czech_ci NOT NULL,
  `type` char(20) COLLATE utf8_czech_ci NOT NULL,
  `updated` timestamp NOT NULL DEFAULT CURRENT_TIMESTAMP ON UPDATE CURRENT_TIMESTAMP,
  `added` datetime NOT NULL,
  `author` int(11) NOT NULL
) ENGINE=InnoDB DEFAULT CHARSET=utf8 COLLATE=utf8_czech_ci;

-- --------------------------------------------------------

--
-- Struktura tabulky `photo`
--

CREATE TABLE IF NOT EXISTS `photo` (
`id` int(11) NOT NULL,
  `path_full` text COLLATE utf8_czech_ci NOT NULL,
  `path_thumb` text COLLATE utf8_czech_ci NOT NULL,
  `captured` datetime NOT NULL,
  `author_id` int(11) DEFAULT NULL
) ENGINE=InnoDB AUTO_INCREMENT=2 DEFAULT CHARSET=utf8 COLLATE=utf8_czech_ci;

--
-- Vypisuji data pro tabulku `photo`
--

INSERT INTO `photo` (`id`, `path_full`, `path_thumb`, `captured`, `author_id`) VALUES
(1, 'cesta_full', 'cesta_thumb', '2015-01-19 22:11:20', 1);

-- --------------------------------------------------------

--
-- Struktura tabulky `photo_tag`
--

CREATE TABLE IF NOT EXISTS `photo_tag` (
  `photo_id` int(11) NOT NULL,
  `tag_id` int(11) NOT NULL
) ENGINE=InnoDB DEFAULT CHARSET=utf8 COLLATE=utf8_czech_ci;

--
-- Vypisuji data pro tabulku `photo_tag`
--

INSERT INTO `photo_tag` (`photo_id`, `tag_id`) VALUES
(1, 1);

-- --------------------------------------------------------

--
-- Struktura tabulky `static_content`
--

CREATE TABLE IF NOT EXISTS `static_content` (
`id` int(11) NOT NULL,
  `content` text COLLATE utf8_czech_ci NOT NULL,
  `updated` timestamp NOT NULL DEFAULT '0000-00-00 00:00:00' ON UPDATE CURRENT_TIMESTAMP,
  `user_id` int(11) NOT NULL
) ENGINE=InnoDB AUTO_INCREMENT=2 DEFAULT CHARSET=utf8 COLLATE=utf8_czech_ci;

--
-- Vypisuji data pro tabulku `static_content`
--

INSERT INTO `static_content` (`id`, `content`, `updated`, `user_id`) VALUES
(1, 'Vítejte!\r\n--------\r\n\r\nMůžete používat syntax Texy!, pokud Vám vyhovuje:\r\n- třeba **tučné** písmo nebo *kurzíva*\r\n- a takto se dělá "odkaz":http://texy.info\r\n- více najdete na stránce \r\n\r\nLook at homepage:[Team:default].\r\n\r\n\r\n"syntax":[syntax]\r\n\r\n\r\nAle také můžete zůstat u HTML:\r\n- takto <b>HTML</b>\r\n- nebo i <b class=xx>úplně <i>hloupě</b>, Texy! to pořeší\r\n\r\n\r\n[syntax]: /cs/syntax', '2015-01-24 20:49:00', 1);

-- --------------------------------------------------------

--
-- Struktura tabulky `tag`
--

CREATE TABLE IF NOT EXISTS `tag` (
`id` int(11) NOT NULL,
  `name` text COLLATE utf8_czech_ci,
  `slug` text COLLATE utf8_czech_ci NOT NULL,
  `is_gallery` int(11) NOT NULL DEFAULT '0',
  `main_photo_id` int(11) DEFAULT NULL
) ENGINE=InnoDB AUTO_INCREMENT=2 DEFAULT CHARSET=utf8 COLLATE=utf8_czech_ci;

--
-- Vypisuji data pro tabulku `tag`
--

INSERT INTO `tag` (`id`, `name`, `slug`, `is_gallery`, `main_photo_id`) VALUES
(1, 'nějaký tag', 'nejaky-tag', 0, 1);

-- --------------------------------------------------------

--
-- Struktura tabulky `team`
--

CREATE TABLE IF NOT EXISTS `team` (
`id` int(11) NOT NULL,
  `category_id` int(11) NOT NULL,
  `team_info_id` int(11) NOT NULL,
  `order` int(11) NOT NULL,
  `points` int(11) NOT NULL,
  `scored` int(11) NOT NULL,
  `received` int(11) NOT NULL,
  `inserted` datetime NOT NULL,
  `actual` int(11) NOT NULL DEFAULT '0',
  `after_match_id` int(11) DEFAULT NULL
) ENGINE=InnoDB AUTO_INCREMENT=9928 DEFAULT CHARSET=utf8 COLLATE=utf8_czech_ci;

--
-- Vypisuji data pro tabulku `team`
--

INSERT INTO `team` (`id`, `category_id`, `team_info_id`, `order`, `points`, `scored`, `received`, `inserted`, `actual`, `after_match_id`) VALUES
(9916, 1, 78, 0, 0, 0, 0, '2015-01-29 20:10:15', 1, NULL),
(9917, 1, 88, 0, 0, 0, 0, '2015-01-29 20:10:15', 1, NULL),
(9918, 1, 87, 0, 0, 0, 0, '2015-01-29 20:10:15', 1, NULL),
(9919, 1, 79, 0, 0, 0, 0, '2015-01-29 20:10:15', 1, NULL),
(9920, 1, 80, 0, 0, 0, 0, '2015-01-29 20:10:15', 1, NULL),
(9921, 1, 81, 0, 0, 0, 0, '2015-01-29 20:10:15', 1, NULL),
(9922, 1, 82, 0, 0, 0, 0, '2015-01-29 20:10:15', 1, NULL),
(9923, 1, 83, 0, 0, 0, 0, '2015-01-29 20:10:15', 1, NULL),
(9924, 1, 84, 0, 0, 0, 0, '2015-01-29 20:10:15', 1, NULL),
(9925, 1, 85, 0, 0, 0, 0, '2015-01-29 20:10:15', 1, NULL),
(9926, 1, 86, 0, 0, 0, 0, '2015-01-29 20:10:15', 1, NULL),
(9927, 1, 89, 0, 0, 0, 0, '2015-01-29 20:10:15', 1, NULL);

--
-- Spouště `team`
--
DELIMITER //
CREATE TRIGGER `team_bi` BEFORE INSERT ON `team`
 FOR EACH ROW SET NEW.inserted = NOW()
//
DELIMITER ;

-- --------------------------------------------------------

--
-- Struktura tabulky `team_info`
--

CREATE TABLE IF NOT EXISTS `team_info` (
`id` int(11) NOT NULL,
  `category_id` int(11) NOT NULL,
  `name` char(30) COLLATE utf8_czech_ci NOT NULL,
  `slug` char(30) COLLATE utf8_czech_ci NOT NULL
) ENGINE=InnoDB AUTO_INCREMENT=90 DEFAULT CHARSET=utf8 COLLATE=utf8_czech_ci;

--
-- Vypisuji data pro tabulku `team_info`
--

INSERT INTO `team_info` (`id`, `category_id`, `name`, `slug`) VALUES
(81, 1, 'DHK Zora Olomouc', 'dhk-zora-olomouc'),
(83, 1, 'Handball Val. Meziříčí', 'handball-val-mezirici'),
(87, 1, 'HBC Jičín', 'hbc-jicin'),
(77, 1, 'jiný test', 'jiny-test'),
(82, 1, 'Otrokovice', 'otrokovice'),
(79, 1, 'SK Žeravice A', 'sk-zeravice-a'),
(85, 1, 'SK Žeravice B', 'sk-zeravice-b'),
(86, 1, 'Sokol Prostějov', 'sokol-prostejov'),
(89, 1, 'STM Olomouc', 'stm-olomouc'),
(88, 1, 'ŠKP Bratislava', 'skp-bratislava'),
(78, 1, 'Tatran Litovel', 'tatran-litovel'),
(76, 1, 'Test', 'test'),
(84, 1, 'TJ JM Chodov', 'tj-jm-chodov'),
(80, 1, 'Velká Bystřice', 'velka-bystrice');

-- --------------------------------------------------------

--
-- Struktura tabulky `user`
--

CREATE TABLE IF NOT EXISTS `user` (
`id` int(11) NOT NULL,
  `username` text COLLATE utf8_czech_ci NOT NULL,
  `password_hash` text COLLATE utf8_czech_ci NOT NULL,
  `role` text COLLATE utf8_czech_ci NOT NULL,
  `fullname` text COLLATE utf8_czech_ci NOT NULL
) ENGINE=InnoDB AUTO_INCREMENT=2 DEFAULT CHARSET=utf8 COLLATE=utf8_czech_ci;

--
-- Vypisuji data pro tabulku `user`
--

INSERT INTO `user` (`id`, `username`, `password_hash`, `role`, `fullname`) VALUES
(1, 'joe', '$2y$10$HZGTs1GzZB70Bbpc2HLnFeyBYdaudLWW/gOd7CVEcpf8C4nURUVRi', 'admin', 'Joe Kolář');

-- --------------------------------------------------------

--
-- Struktura tabulky `year`
--

CREATE TABLE IF NOT EXISTS `year` (
`id` int(11) NOT NULL,
  `year` year(4) NOT NULL,
  `name` text COLLATE utf8_czech_ci,
  `slug` char(20) COLLATE utf8_czech_ci NOT NULL,
  `actual` tinyint(1) NOT NULL
) ENGINE=InnoDB AUTO_INCREMENT=3 DEFAULT CHARSET=utf8 COLLATE=utf8_czech_ci;

--
-- Vypisuji data pro tabulku `year`
--

INSERT INTO `year` (`id`, `year`, `name`, `slug`, `actual`) VALUES
(1, 2015, NULL, '2015', 1),
(2, 2014, NULL, '2014', 0);

--
-- Klíče pro exportované tabulky
--

--
-- Klíče pro tabulku `category`
--
ALTER TABLE `category`
 ADD PRIMARY KEY (`id`), ADD UNIQUE KEY `slug` (`slug`), ADD KEY `year_id` (`year_id`);

--
-- Klíče pro tabulku `day`
--
ALTER TABLE `day`
 ADD PRIMARY KEY (`id`), ADD KEY `year_id` (`year_id`);

--
-- Klíče pro tabulku `match`
--
ALTER TABLE `match`
 ADD PRIMARY KEY (`id`), ADD UNIQUE KEY `id` (`id`), ADD KEY `AI_id` (`id`), ADD KEY `home_team_id` (`home_team_info_id`), ADD KEY `away_team_id` (`away_team_info_id`), ADD KEY `match_term_id` (`match_term_id`), ADD KEY `category_id` (`category_id`);

--
-- Klíče pro tabulku `match_term`
--
ALTER TABLE `match_term`
 ADD PRIMARY KEY (`id`), ADD KEY `day_id` (`day_id`);

--
-- Klíče pro tabulku `online_report`
--
ALTER TABLE `online_report`
 ADD PRIMARY KEY (`id`), ADD KEY `match_id` (`match_id`), ADD KEY `author` (`author`);

--
-- Klíče pro tabulku `photo`
--
ALTER TABLE `photo`
 ADD PRIMARY KEY (`id`), ADD KEY `author_id` (`author_id`);

--
-- Klíče pro tabulku `photo_tag`
--
ALTER TABLE `photo_tag`
 ADD PRIMARY KEY (`photo_id`,`tag_id`), ADD KEY `tag_id` (`tag_id`);

--
-- Klíče pro tabulku `static_content`
--
ALTER TABLE `static_content`
 ADD PRIMARY KEY (`id`), ADD KEY `user_id` (`user_id`);

--
-- Klíče pro tabulku `tag`
--
ALTER TABLE `tag`
 ADD PRIMARY KEY (`id`), ADD KEY `main_photo_id` (`main_photo_id`);

--
-- Klíče pro tabulku `team`
--
ALTER TABLE `team`
 ADD PRIMARY KEY (`id`), ADD KEY `category_id` (`category_id`), ADD KEY `team_info_id` (`team_info_id`), ADD KEY `after_match_id` (`after_match_id`);

--
-- Klíče pro tabulku `team_info`
--
ALTER TABLE `team_info`
 ADD PRIMARY KEY (`id`), ADD UNIQUE KEY `category_id_name_slug` (`category_id`,`name`,`slug`);

--
-- Klíče pro tabulku `user`
--
ALTER TABLE `user`
 ADD PRIMARY KEY (`id`);

--
-- Klíče pro tabulku `year`
--
ALTER TABLE `year`
 ADD PRIMARY KEY (`id`), ADD UNIQUE KEY `slug` (`slug`);

--
-- AUTO_INCREMENT pro tabulky
--

--
-- AUTO_INCREMENT pro tabulku `category`
--
ALTER TABLE `category`
MODIFY `id` int(11) NOT NULL AUTO_INCREMENT,AUTO_INCREMENT=3;
--
-- AUTO_INCREMENT pro tabulku `day`
--
ALTER TABLE `day`
MODIFY `id` int(11) NOT NULL AUTO_INCREMENT,AUTO_INCREMENT=80;
--
-- AUTO_INCREMENT pro tabulku `match`
--
ALTER TABLE `match`
MODIFY `id` int(11) NOT NULL AUTO_INCREMENT,AUTO_INCREMENT=1939;
--
-- AUTO_INCREMENT pro tabulku `match_term`
--
ALTER TABLE `match_term`
MODIFY `id` int(11) NOT NULL AUTO_INCREMENT,AUTO_INCREMENT=1388;
--
-- AUTO_INCREMENT pro tabulku `online_report`
--
ALTER TABLE `online_report`
MODIFY `id` int(11) NOT NULL AUTO_INCREMENT;
--
-- AUTO_INCREMENT pro tabulku `photo`
--
ALTER TABLE `photo`
MODIFY `id` int(11) NOT NULL AUTO_INCREMENT,AUTO_INCREMENT=2;
--
-- AUTO_INCREMENT pro tabulku `static_content`
--
ALTER TABLE `static_content`
MODIFY `id` int(11) NOT NULL AUTO_INCREMENT,AUTO_INCREMENT=2;
--
-- AUTO_INCREMENT pro tabulku `tag`
--
ALTER TABLE `tag`
MODIFY `id` int(11) NOT NULL AUTO_INCREMENT,AUTO_INCREMENT=2;
--
-- AUTO_INCREMENT pro tabulku `team`
--
ALTER TABLE `team`
MODIFY `id` int(11) NOT NULL AUTO_INCREMENT,AUTO_INCREMENT=9928;
--
-- AUTO_INCREMENT pro tabulku `team_info`
--
ALTER TABLE `team_info`
MODIFY `id` int(11) NOT NULL AUTO_INCREMENT,AUTO_INCREMENT=90;
--
-- AUTO_INCREMENT pro tabulku `user`
--
ALTER TABLE `user`
MODIFY `id` int(11) NOT NULL AUTO_INCREMENT,AUTO_INCREMENT=2;
--
-- AUTO_INCREMENT pro tabulku `year`
--
ALTER TABLE `year`
MODIFY `id` int(11) NOT NULL AUTO_INCREMENT,AUTO_INCREMENT=3;
--
-- Omezení pro exportované tabulky
--

--
-- Omezení pro tabulku `category`
--
ALTER TABLE `category`
ADD CONSTRAINT `category_ibfk_1` FOREIGN KEY (`year_id`) REFERENCES `year` (`id`);

--
-- Omezení pro tabulku `day`
--
ALTER TABLE `day`
ADD CONSTRAINT `day_ibfk_1` FOREIGN KEY (`year_id`) REFERENCES `year` (`id`);

--
-- Omezení pro tabulku `match`
--
ALTER TABLE `match`
ADD CONSTRAINT `match_ibfk_1` FOREIGN KEY (`match_term_id`) REFERENCES `match_term` (`id`),
ADD CONSTRAINT `match_ibfk_2` FOREIGN KEY (`category_id`) REFERENCES `category` (`id`),
ADD CONSTRAINT `match_ibfk_5` FOREIGN KEY (`home_team_info_id`) REFERENCES `team_info` (`id`),
ADD CONSTRAINT `match_ibfk_6` FOREIGN KEY (`away_team_info_id`) REFERENCES `team_info` (`id`);

--
-- Omezení pro tabulku `match_term`
--
ALTER TABLE `match_term`
ADD CONSTRAINT `day_id` FOREIGN KEY (`day_id`) REFERENCES `day` (`id`);

--
-- Omezení pro tabulku `online_report`
--
ALTER TABLE `online_report`
ADD CONSTRAINT `online_report_ibfk_1` FOREIGN KEY (`match_id`) REFERENCES `match` (`id`),
ADD CONSTRAINT `online_report_ibfk_3` FOREIGN KEY (`author`) REFERENCES `user` (`id`);

--
-- Omezení pro tabulku `photo`
--
ALTER TABLE `photo`
ADD CONSTRAINT `photo_ibfk_1` FOREIGN KEY (`author_id`) REFERENCES `user` (`id`);

--
-- Omezení pro tabulku `photo_tag`
--
ALTER TABLE `photo_tag`
ADD CONSTRAINT `photo_tag_ibfk_1` FOREIGN KEY (`photo_id`) REFERENCES `photo` (`id`),
ADD CONSTRAINT `photo_tag_ibfk_2` FOREIGN KEY (`tag_id`) REFERENCES `tag` (`id`);

--
-- Omezení pro tabulku `static_content`
--
ALTER TABLE `static_content`
ADD CONSTRAINT `static_content_ibfk_1` FOREIGN KEY (`user_id`) REFERENCES `user` (`id`);

--
-- Omezení pro tabulku `tag`
--
ALTER TABLE `tag`
ADD CONSTRAINT `tag_ibfk_1` FOREIGN KEY (`main_photo_id`) REFERENCES `photo` (`id`);

--
-- Omezení pro tabulku `team`
--
ALTER TABLE `team`
ADD CONSTRAINT `team_ibfk_1` FOREIGN KEY (`team_info_id`) REFERENCES `team_info` (`id`),
ADD CONSTRAINT `team_ibfk_2` FOREIGN KEY (`category_id`) REFERENCES `category` (`id`),
ADD CONSTRAINT `team_ibfk_6` FOREIGN KEY (`after_match_id`) REFERENCES `match` (`id`) ON DELETE SET NULL ON UPDATE SET NULL;

--
-- Omezení pro tabulku `team_info`
--
ALTER TABLE `team_info`
ADD CONSTRAINT `team_info_ibfk_2` FOREIGN KEY (`category_id`) REFERENCES `category` (`id`);

/*!40101 SET CHARACTER_SET_CLIENT=@OLD_CHARACTER_SET_CLIENT */;
/*!40101 SET CHARACTER_SET_RESULTS=@OLD_CHARACTER_SET_RESULTS */;
/*!40101 SET COLLATION_CONNECTION=@OLD_COLLATION_CONNECTION */;
